size,time,path,cost
4,0.0017,"[0, 15, 6, 1, 14, 13, 4, 3, 11, 2, 12, 7, 8, 5, 10, 9, 0]",4348.5765
4,0.0014,"[0, 12, 13, 5, 11, 8, 2, 4, 3, 15, 9, 6, 1, 10, 14, 7, 0]",4373.785
4,0.0011,"[0, 1, 10, 5, 2, 15, 6, 7, 13, 9, 12, 14, 11, 3, 4, 8, 0]",4707.9197
4,0.0015,"[0, 1, 8, 9, 12, 10, 7, 3, 13, 6, 11, 14, 5, 4, 2, 15, 0]",2836.1406
4,0.0009,"[0, 13, 1, 15, 9, 11, 6, 10, 3, 8, 4, 12, 14, 5, 7, 2, 0]",3634.0917
4,0.0012,"[0, 12, 4, 13, 7, 14, 6, 9, 15, 2, 3, 10, 11, 1, 5, 8, 0]",4662.2915
4,0.001,"[0, 11, 6, 2, 4, 14, 10, 5, 3, 7, 1, 12, 15, 13, 9, 8, 0]",4133.7525
4,0.001,"[0, 8, 14, 3, 10, 12, 7, 6, 9, 11, 2, 4, 13, 1, 5, 15, 0]",3535.9359
4,0.001,"[0, 4, 5, 11, 14, 15, 1, 7, 10, 6, 12, 13, 3, 9, 2, 8, 0]",3909.3002
4,0.0009,"[0, 14, 7, 8, 11, 13, 15, 5, 10, 1, 2, 3, 6, 12, 9, 4, 0]",4222.5502
4,0.0009,"[0, 15, 7, 8, 9, 3, 12, 11, 5, 1, 10, 4, 2, 6, 14, 13, 0]",3805.451
4,0.001,"[0, 13, 8, 9, 11, 10, 1, 15, 4, 14, 6, 7, 5, 2, 3, 12, 0]",4539.3581
4,0.001,"[0, 1, 3, 11, 15, 7, 9, 5, 10, 14, 12, 13, 6, 2, 8, 4, 0]",3773.9521
4,0.0009,"[0, 12, 15, 2, 10, 4, 1, 6, 5, 11, 14, 13, 9, 7, 3, 8, 0]",4292.293
4,0.0009,"[0, 6, 5, 7, 2, 9, 1, 15, 10, 3, 8, 11, 12, 13, 14, 4, 0]",3980.8898
4,0.0011,"[0, 3, 4, 2, 1, 6, 13, 9, 12, 15, 11, 7, 8, 5, 14, 10, 0]",4364.6274
4,0.001,"[0, 13, 10, 6, 8, 2, 1, 7, 4, 5, 12, 3, 14, 15, 11, 9, 0]",4516.412
4,0.0009,"[0, 3, 12, 9, 8, 10, 2, 5, 6, 11, 4, 1, 13, 14, 15, 7, 0]",4471.4405
4,0.0019,"[0, 15, 5, 2, 8, 9, 10, 11, 14, 12, 1, 6, 13, 7, 4, 3, 0]",4511.08
4,0.0017,"[0, 14, 2, 3, 7, 6, 15, 11, 13, 8, 12, 5, 10, 1, 4, 9, 0]",4466.802
4,0.0013,"[0, 12, 2, 13, 9, 1, 6, 7, 10, 4, 3, 15, 11, 8, 14, 5, 0]",4401.2951
4,0.0009,"[0, 1, 14, 5, 13, 11, 15, 2, 3, 4, 8, 7, 9, 6, 10, 12, 0]",4684.1431
4,0.0009,"[0, 12, 2, 4, 13, 3, 15, 11, 6, 1, 8, 5, 14, 9, 7, 10, 0]",4050.3921
4,0.0298,"[0, 5, 4, 2, 9, 12, 15, 14, 8, 11, 7, 1, 6, 10, 13, 3, 0]",3362.7859
4,0.001,"[0, 2, 15, 5, 12, 13, 9, 3, 8, 4, 1, 7, 14, 10, 11, 6, 0]",3964.8252
4,0.0009,"[0, 7, 14, 9, 12, 5, 15, 6, 11, 10, 1, 13, 3, 2, 8, 4, 0]",4569.266
4,0.0014,"[0, 10, 6, 15, 14, 9, 2, 12, 8, 3, 13, 4, 7, 11, 5, 1, 0]",4196.2608
4,0.001,"[0, 15, 12, 9, 11, 14, 6, 7, 10, 2, 13, 4, 5, 1, 8, 3, 0]",4937.9174
4,0.001,"[0, 3, 2, 13, 10, 1, 8, 5, 7, 15, 14, 9, 6, 11, 12, 4, 0]",4190.1303
4,0.0014,"[0, 4, 2, 8, 6, 15, 5, 10, 9, 11, 12, 13, 1, 3, 7, 14, 0]",3619.3868
4,0.0011,"[0, 9, 12, 13, 4, 14, 6, 2, 15, 3, 10, 1, 8, 7, 11, 5, 0]",3913.7181
4,0.0011,"[0, 5, 3, 13, 15, 4, 1, 7, 11, 9, 10, 8, 6, 2, 14, 12, 0]",4783.0199
4,0.0014,"[0, 9, 5, 4, 15, 6, 10, 11, 8, 12, 2, 3, 13, 14, 1, 7, 0]",3431.6824
4,0.001,"[0, 8, 5, 10, 2, 1, 14, 9, 13, 4, 6, 11, 15, 12, 7, 3, 0]",4068.9535
4,0.0011,"[0, 8, 1, 13, 3, 9, 2, 5, 4, 7, 12, 11, 15, 6, 14, 10, 0]",4535.0598
4,0.0011,"[0, 1, 9, 13, 11, 3, 2, 10, 12, 8, 5, 14, 15, 6, 7, 4, 0]",3649.3325
4,0.0011,"[0, 8, 1, 15, 12, 5, 9, 4, 10, 3, 13, 2, 14, 6, 11, 7, 0]",4503.7011
4,0.0011,"[0, 10, 8, 4, 3, 13, 15, 5, 14, 1, 6, 2, 11, 12, 7, 9, 0]",4319.704
4,0.0011,"[0, 14, 9, 1, 7, 6, 5, 15, 4, 3, 13, 2, 8, 12, 11, 10, 0]",4428.6215
4,0.0009,"[0, 1, 7, 12, 3, 10, 15, 11, 4, 6, 2, 14, 8, 5, 13, 9, 0]",4486.8375
4,0.0015,"[0, 9, 2, 3, 12, 10, 1, 13, 5, 6, 11, 8, 4, 14, 7, 15, 0]",4303.7418
4,0.001,"[0, 3, 15, 11, 14, 10, 2, 13, 7, 8, 9, 5, 12, 6, 4, 1, 0]",4053.5955
4,0.0017,"[0, 5, 15, 3, 9, 6, 8, 2, 13, 4, 12, 10, 7, 14, 1, 11, 0]",3685.4728
4,0.0017,"[0, 3, 14, 10, 9, 15, 12, 4, 1, 11, 13, 8, 5, 7, 6, 2, 0]",4908.8686
4,0.001,"[0, 12, 2, 4, 14, 15, 7, 3, 13, 6, 8, 11, 5, 10, 1, 9, 0]",3994.488
4,0.0012,"[0, 6, 10, 4, 12, 13, 3, 1, 14, 7, 5, 11, 9, 2, 8, 15, 0]",3755.9851
4,0.001,"[0, 3, 11, 1, 4, 6, 13, 9, 10, 15, 8, 7, 12, 14, 2, 5, 0]",4404.8568
4,0.001,"[0, 14, 9, 2, 4, 13, 7, 3, 5, 1, 10, 8, 15, 11, 12, 6, 0]",4238.3689
4,0.0015,"[0, 15, 11, 6, 10, 12, 8, 7, 14, 1, 2, 13, 3, 9, 4, 5, 0]",5126.2714
4,0.0015,"[0, 14, 10, 2, 6, 3, 4, 15, 9, 13, 5, 1, 12, 11, 7, 8, 0]",3843.6491
4,0.0019,"[0, 9, 11, 6, 8, 13, 7, 14, 5, 10, 15, 2, 4, 1, 3, 12, 0]",3776.6786
4,0.001,"[0, 2, 10, 9, 8, 12, 1, 6, 13, 15, 5, 4, 3, 11, 14, 7, 0]",4401.8167
4,0.0011,"[0, 1, 9, 15, 7, 10, 8, 12, 2, 14, 13, 6, 4, 11, 3, 5, 0]",4943.7127
4,0.001,"[0, 8, 5, 14, 3, 15, 1, 10, 2, 4, 6, 12, 7, 13, 11, 9, 0]",4605.2908
4,0.001,"[0, 10, 13, 12, 14, 2, 11, 5, 7, 4, 8, 3, 9, 1, 15, 6, 0]",3728.253
4,0.001,"[0, 4, 14, 9, 13, 10, 7, 2, 12, 1, 6, 5, 8, 3, 15, 11, 0]",4603.9669
4,0.001,"[0, 6, 12, 9, 7, 10, 11, 13, 1, 14, 3, 5, 2, 4, 15, 8, 0]",4240.6516
4,0.0009,"[0, 7, 6, 1, 13, 3, 5, 9, 14, 11, 12, 10, 2, 4, 15, 8, 0]",4223.9032
4,0.001,"[0, 1, 6, 3, 2, 11, 7, 5, 15, 13, 12, 14, 8, 9, 10, 4, 0]",4757.7499
4,0.001,"[0, 1, 2, 15, 9, 11, 7, 10, 4, 14, 6, 3, 13, 5, 8, 12, 0]",3421.9614
4,0.0009,"[0, 15, 6, 14, 5, 3, 7, 13, 11, 8, 2, 10, 1, 12, 4, 9, 0]",4645.9617
4,0.001,"[0, 9, 1, 7, 8, 6, 12, 13, 2, 15, 10, 11, 14, 3, 5, 4, 0]",4649.8437
4,0.001,"[0, 8, 7, 2, 13, 12, 10, 14, 11, 9, 6, 15, 1, 4, 5, 3, 0]",4509.3233
4,0.001,"[0, 4, 15, 1, 10, 3, 13, 2, 5, 11, 8, 14, 9, 12, 7, 6, 0]",3617.5439
4,0.0009,"[0, 12, 13, 6, 5, 3, 8, 14, 1, 11, 4, 10, 7, 15, 9, 2, 0]",4543.0797
4,0.0009,"[0, 1, 6, 2, 12, 3, 5, 14, 11, 15, 7, 9, 8, 10, 13, 4, 0]",4558.7812
4,0.0011,"[0, 6, 5, 2, 13, 14, 7, 10, 4, 15, 12, 8, 9, 11, 3, 1, 0]",3378.7112
4,0.0009,"[0, 4, 10, 1, 8, 11, 15, 2, 9, 7, 13, 12, 5, 14, 6, 3, 0]",4589.584
4,0.001,"[0, 14, 7, 3, 5, 8, 13, 4, 2, 6, 9, 11, 1, 12, 10, 15, 0]",4173.8976
4,0.0009,"[0, 2, 1, 13, 9, 12, 10, 7, 14, 5, 8, 15, 6, 11, 4, 3, 0]",4585.4803
4,0.0013,"[0, 3, 15, 2, 4, 12, 9, 5, 6, 7, 10, 13, 14, 1, 8, 11, 0]",3722.7038
4,0.0009,"[0, 4, 12, 15, 10, 9, 7, 8, 13, 2, 1, 6, 5, 3, 14, 11, 0]",3624.0916
4,0.0009,"[0, 3, 5, 6, 15, 12, 13, 8, 4, 1, 9, 11, 10, 7, 2, 14, 0]",4896.3545
4,0.0009,"[0, 8, 12, 14, 9, 10, 4, 6, 11, 13, 5, 3, 2, 15, 7, 1, 0]",3898.1984
4,0.001,"[0, 2, 5, 14, 4, 10, 12, 7, 3, 9, 11, 15, 1, 8, 6, 13, 0]",4706.5061
4,0.0009,"[0, 7, 12, 8, 11, 14, 5, 3, 4, 9, 1, 10, 6, 15, 2, 13, 0]",3826.3046
4,0.0014,"[0, 9, 13, 10, 4, 1, 15, 6, 14, 8, 12, 2, 5, 3, 11, 7, 0]",4721.4303
4,0.0009,"[0, 13, 9, 2, 10, 5, 4, 15, 6, 3, 7, 8, 11, 12, 14, 1, 0]",5263.8272
4,0.001,"[0, 3, 6, 7, 4, 14, 10, 13, 9, 11, 1, 5, 8, 12, 2, 15, 0]",4867.1799
4,0.0009,"[0, 3, 1, 14, 8, 13, 9, 4, 5, 15, 12, 7, 6, 10, 11, 2, 0]",3120.4662
4,0.0009,"[0, 7, 5, 14, 8, 3, 9, 2, 1, 15, 4, 11, 6, 13, 12, 10, 0]",4019.3572
4,0.0009,"[0, 13, 14, 2, 9, 6, 12, 8, 3, 4, 11, 10, 7, 1, 5, 15, 0]",4907.2868
4,0.001,"[0, 2, 5, 9, 3, 7, 13, 11, 10, 4, 14, 6, 8, 12, 1, 15, 0]",4837.3565
4,0.0009,"[0, 10, 12, 4, 1, 9, 6, 2, 11, 13, 7, 8, 14, 5, 15, 3, 0]",4172.0891
4,0.0012,"[0, 5, 15, 6, 3, 11, 8, 9, 13, 10, 14, 4, 7, 2, 1, 12, 0]",3821.9939
4,0.001,"[0, 14, 10, 12, 5, 11, 2, 9, 8, 15, 3, 1, 7, 4, 13, 6, 0]",3739.0077
4,0.001,"[0, 1, 8, 6, 5, 7, 3, 15, 10, 9, 4, 12, 11, 2, 13, 14, 0]",4598.1364
4,0.001,"[0, 8, 5, 7, 4, 15, 6, 11, 3, 9, 14, 12, 13, 2, 10, 1, 0]",4645.6224
4,0.0009,"[0, 5, 7, 8, 1, 14, 4, 3, 2, 12, 6, 15, 10, 9, 13, 11, 0]",4470.4549
4,0.0009,"[0, 12, 14, 1, 6, 7, 10, 3, 15, 2, 9, 11, 5, 8, 4, 13, 0]",3733.3945
4,0.0012,"[0, 8, 12, 10, 1, 13, 15, 9, 3, 2, 4, 14, 5, 7, 6, 11, 0]",3895.5664
4,0.001,"[0, 11, 14, 3, 5, 6, 1, 9, 13, 15, 8, 2, 12, 7, 4, 10, 0]",4983.2979
4,0.0009,"[0, 1, 7, 10, 9, 5, 15, 13, 11, 2, 6, 3, 12, 4, 14, 8, 0]",4291.7392
4,0.001,"[0, 12, 14, 6, 2, 13, 1, 15, 3, 4, 5, 9, 10, 8, 7, 11, 0]",3310.1437
4,0.0012,"[0, 9, 8, 3, 4, 5, 7, 2, 6, 15, 1, 13, 14, 11, 10, 12, 0]",4162.801
4,0.0009,"[0, 6, 4, 3, 1, 14, 12, 13, 7, 11, 2, 10, 8, 5, 15, 9, 0]",5577.1257
4,0.0011,"[0, 3, 5, 7, 11, 6, 9, 1, 13, 4, 15, 8, 10, 12, 14, 2, 0]",4974.7608
4,0.0009,"[0, 2, 5, 6, 14, 1, 10, 11, 9, 8, 4, 12, 13, 15, 3, 7, 0]",3673.4626
4,0.001,"[0, 1, 6, 5, 11, 4, 2, 15, 3, 13, 10, 14, 7, 9, 8, 12, 0]",5125.2937
4,0.0009,"[0, 7, 5, 3, 13, 2, 11, 15, 4, 1, 8, 14, 12, 6, 9, 10, 0]",3874.6125
4,0.001,"[0, 15, 14, 4, 8, 1, 9, 5, 3, 10, 13, 11, 6, 12, 2, 7, 0]",3768.3824
4,0.0012,"[0, 8, 2, 4, 11, 9, 15, 10, 6, 14, 1, 5, 13, 3, 12, 7, 0]",3549.6607
4,0.001,"[0, 2, 13, 12, 8, 4, 10, 14, 6, 1, 3, 11, 7, 5, 9, 15, 0]",4200.9868
4,0.001,"[0, 7, 5, 15, 4, 11, 2, 8, 12, 10, 14, 9, 6, 3, 1, 13, 0]",4445.9777
4,0.001,"[0, 12, 3, 11, 4, 1, 2, 14, 5, 6, 15, 9, 7, 8, 13, 10, 0]",3241.1618
4,0.0009,"[0, 1, 3, 10, 13, 7, 6, 14, 11, 9, 5, 4, 15, 2, 12, 8, 0]",4247.1973
4,0.0013,"[0, 2, 10, 9, 4, 11, 3, 15, 13, 14, 12, 7, 1, 8, 6, 5, 0]",4432.5763
4,0.001,"[0, 11, 7, 10, 3, 2, 8, 15, 14, 9, 4, 13, 6, 1, 12, 5, 0]",4367.0668
4,0.001,"[0, 11, 9, 1, 5, 12, 2, 13, 4, 3, 15, 14, 10, 8, 6, 7, 0]",3881.9522
4,0.0013,"[0, 10, 7, 1, 13, 4, 2, 15, 8, 14, 5, 12, 3, 9, 11, 6, 0]",4674.828
4,0.001,"[0, 4, 2, 15, 12, 5, 8, 11, 1, 9, 13, 14, 3, 10, 6, 7, 0]",5492.9254
4,0.0009,"[0, 6, 11, 1, 10, 7, 9, 15, 14, 13, 2, 4, 3, 8, 5, 12, 0]",4783.2052
4,0.0011,"[0, 12, 5, 7, 13, 3, 6, 4, 8, 9, 14, 2, 11, 15, 10, 1, 0]",4020.246
4,0.0009,"[0, 6, 7, 1, 8, 13, 2, 4, 12, 10, 14, 3, 15, 9, 11, 5, 0]",3920.2557
4,0.0013,"[0, 13, 5, 11, 2, 4, 8, 6, 10, 14, 12, 3, 1, 15, 9, 7, 0]",3665.9926
4,0.0011,"[0, 10, 12, 15, 1, 11, 9, 13, 14, 6, 3, 4, 5, 2, 8, 7, 0]",3837.3191
4,0.0009,"[0, 14, 11, 13, 2, 1, 15, 6, 10, 12, 8, 4, 3, 9, 5, 7, 0]",4178.9803
4,0.0009,"[0, 4, 7, 6, 15, 2, 5, 10, 3, 11, 8, 13, 1, 14, 12, 9, 0]",4217.0843
4,0.0012,"[0, 14, 10, 4, 1, 7, 11, 5, 2, 15, 6, 12, 9, 3, 8, 13, 0]",4385.9617
4,0.0009,"[0, 12, 4, 5, 10, 9, 8, 7, 11, 1, 15, 3, 14, 6, 2, 13, 0]",3515.0981
4,0.0009,"[0, 5, 9, 8, 10, 15, 4, 7, 12, 11, 3, 6, 2, 13, 1, 14, 0]",4062.5436
4,0.0011,"[0, 6, 14, 13, 8, 11, 3, 12, 4, 2, 9, 7, 1, 5, 10, 15, 0]",4286.0064
4,0.001,"[0, 13, 3, 10, 8, 1, 14, 12, 11, 7, 5, 15, 6, 2, 4, 9, 0]",4245.7163
4,0.0009,"[0, 12, 2, 5, 8, 7, 10, 3, 4, 11, 14, 15, 13, 6, 1, 9, 0]",4885.5755
4,0.0009,"[0, 4, 1, 2, 12, 9, 7, 15, 6, 3, 11, 8, 14, 5, 10, 13, 0]",4489.9243
4,0.0012,"[0, 11, 12, 14, 2, 8, 10, 15, 9, 7, 13, 6, 3, 1, 5, 4, 0]",4823.1919
4,0.001,"[0, 10, 12, 15, 5, 11, 7, 2, 1, 14, 9, 6, 3, 8, 13, 4, 0]",4859.087
4,0.001,"[0, 13, 10, 5, 2, 8, 6, 7, 4, 15, 1, 11, 9, 12, 3, 14, 0]",5300.5068
4,0.0013,"[0, 7, 1, 8, 3, 5, 4, 13, 11, 6, 12, 10, 9, 14, 15, 2, 0]",3413.0984
4,0.0009,"[0, 11, 15, 9, 7, 10, 1, 13, 5, 3, 6, 8, 14, 2, 4, 12, 0]",4316.5737
4,0.001,"[0, 2, 11, 12, 10, 4, 8, 15, 9, 5, 7, 1, 13, 6, 14, 3, 0]",4734.6488
4,0.001,"[0, 10, 8, 5, 13, 4, 2, 14, 7, 12, 9, 3, 15, 6, 11, 1, 0]",4546.3058
4,0.0009,"[0, 13, 6, 4, 9, 3, 2, 7, 5, 14, 12, 11, 8, 1, 10, 15, 0]",4302.1655
4,0.0009,"[0, 10, 4, 13, 6, 5, 7, 11, 2, 14, 12, 8, 3, 1, 9, 15, 0]",4131.1952
4,0.0012,"[0, 2, 13, 1, 7, 5, 15, 3, 6, 12, 10, 4, 8, 9, 14, 11, 0]",5391.7681
4,0.001,"[0, 9, 2, 6, 7, 14, 15, 3, 5, 4, 13, 11, 8, 12, 1, 10, 0]",3340.1874
4,0.0009,"[0, 6, 10, 4, 14, 1, 8, 9, 13, 15, 2, 5, 11, 3, 7, 12, 0]",4592.3703
4,0.0009,"[0, 2, 6, 4, 7, 8, 11, 13, 5, 12, 15, 3, 1, 14, 9, 10, 0]",4292.7604
4,0.0011,"[0, 11, 3, 2, 14, 1, 13, 6, 12, 4, 15, 8, 10, 5, 7, 9, 0]",5046.3152
4,0.001,"[0, 4, 2, 1, 12, 8, 6, 14, 13, 7, 11, 5, 3, 15, 10, 9, 0]",4245.1652
4,0.0009,"[0, 15, 5, 11, 12, 7, 1, 9, 13, 2, 6, 8, 3, 14, 4, 10, 0]",4084.7245
4,0.0013,"[0, 5, 12, 9, 13, 15, 1, 4, 11, 14, 6, 10, 2, 7, 8, 3, 0]",4203.9558
4,0.001,"[0, 4, 13, 5, 1, 9, 14, 11, 8, 12, 3, 10, 7, 6, 15, 2, 0]",3858.133
4,0.0009,"[0, 8, 9, 5, 1, 6, 11, 14, 7, 3, 4, 13, 10, 12, 15, 2, 0]",3905.8873
4,0.0011,"[0, 10, 2, 13, 14, 12, 5, 4, 7, 1, 9, 8, 15, 6, 3, 11, 0]",3910.2157
4,0.0009,"[0, 11, 10, 15, 7, 3, 4, 2, 8, 12, 13, 1, 9, 14, 5, 6, 0]",4378.1572
4,0.001,"[0, 1, 12, 3, 5, 13, 10, 11, 6, 7, 15, 4, 14, 9, 2, 8, 0]",4702.2303
4,0.001,"[0, 4, 9, 1, 13, 6, 2, 8, 12, 15, 11, 14, 10, 3, 5, 7, 0]",4040.633
4,0.0011,"[0, 15, 14, 3, 13, 10, 12, 5, 2, 9, 1, 8, 4, 11, 6, 7, 0]",4728.7298
4,0.0009,"[0, 8, 5, 10, 3, 1, 4, 2, 9, 6, 14, 13, 12, 15, 7, 11, 0]",3417.9264
4,0.001,"[0, 7, 13, 5, 3, 11, 10, 9, 4, 8, 15, 14, 2, 1, 6, 12, 0]",4640.8529
4,0.001,"[0, 3, 11, 1, 12, 4, 6, 5, 14, 2, 8, 9, 10, 13, 7, 15, 0]",4204.3092
4,0.0009,"[0, 8, 9, 15, 5, 10, 4, 14, 2, 6, 7, 3, 1, 12, 13, 11, 0]",3887.7999
4,0.0009,"[0, 2, 3, 9, 14, 13, 15, 7, 4, 5, 11, 10, 1, 8, 6, 12, 0]",5159.511
4,0.0014,"[0, 12, 15, 6, 8, 5, 14, 4, 3, 10, 13, 11, 7, 2, 9, 1, 0]",4675.6438
4,0.001,"[0, 5, 4, 8, 9, 6, 1, 13, 15, 3, 10, 12, 11, 7, 2, 14, 0]",3827.5201
4,0.0009,"[0, 12, 2, 7, 9, 11, 8, 15, 5, 10, 4, 1, 14, 3, 6, 13, 0]",4039.8952
4,0.0012,"[0, 15, 1, 13, 10, 11, 2, 7, 3, 9, 8, 14, 12, 4, 6, 5, 0]",4882.0255
4,0.001,"[0, 5, 7, 2, 9, 14, 11, 3, 12, 10, 8, 4, 6, 13, 15, 1, 0]",3127.1631
4,0.0009,"[0, 14, 1, 8, 4, 5, 2, 3, 11, 15, 10, 12, 9, 6, 7, 13, 0]",4966.11
4,0.001,"[0, 3, 5, 15, 1, 2, 6, 9, 14, 4, 7, 13, 12, 10, 11, 8, 0]",3523.6931
4,0.0012,"[0, 14, 5, 9, 3, 12, 1, 4, 7, 13, 6, 2, 15, 10, 11, 8, 0]",4886.3323
4,0.001,"[0, 9, 6, 14, 1, 12, 11, 8, 4, 2, 3, 5, 7, 10, 13, 15, 0]",4615.4624
4,0.001,"[0, 4, 9, 3, 2, 11, 1, 10, 13, 14, 7, 12, 5, 15, 8, 6, 0]",4161.0908
4,0.0009,"[0, 15, 10, 2, 4, 1, 6, 14, 5, 7, 3, 12, 11, 13, 9, 8, 0]",3712.3448
4,0.001,"[0, 6, 5, 8, 9, 4, 3, 7, 1, 15, 14, 10, 13, 12, 11, 2, 0]",4395.1304
4,0.0012,"[0, 7, 15, 14, 12, 10, 13, 4, 5, 6, 8, 1, 3, 9, 2, 11, 0]",4348.589
4,0.0011,"[0, 1, 6, 2, 10, 9, 7, 5, 8, 13, 4, 3, 14, 12, 11, 15, 0]",3915.4418
4,0.0009,"[0, 6, 1, 4, 14, 13, 3, 11, 15, 12, 2, 8, 9, 5, 7, 10, 0]",4068.7884
4,0.0009,"[0, 5, 4, 2, 7, 6, 10, 14, 9, 11, 13, 8, 3, 12, 15, 1, 0]",3473.2948
4,0.001,"[0, 13, 12, 3, 8, 2, 6, 5, 10, 1, 15, 4, 9, 14, 11, 7, 0]",3367.2556
4,0.0009,"[0, 12, 6, 2, 9, 3, 4, 13, 5, 14, 1, 10, 15, 8, 11, 7, 0]",4395.849
4,0.0009,"[0, 10, 3, 11, 13, 12, 2, 15, 9, 1, 6, 8, 14, 5, 4, 7, 0]",3693.8202
4,0.0009,"[0, 2, 12, 4, 11, 15, 1, 3, 13, 10, 14, 6, 5, 9, 7, 8, 0]",4394.5534
4,0.001,"[0, 10, 1, 8, 9, 13, 3, 4, 15, 12, 7, 6, 5, 14, 2, 11, 0]",4431.9954
4,0.0009,"[0, 6, 14, 1, 11, 10, 12, 15, 9, 8, 2, 7, 3, 4, 5, 13, 0]",3805.6491
4,0.0009,"[0, 3, 4, 9, 2, 6, 14, 5, 12, 13, 11, 1, 8, 7, 10, 15, 0]",3412.3921
4,0.001,"[0, 4, 3, 8, 1, 7, 14, 11, 15, 9, 10, 2, 5, 13, 12, 6, 0]",3602.6694
4,0.001,"[0, 9, 8, 15, 13, 2, 3, 5, 11, 10, 14, 7, 1, 4, 6, 12, 0]",4449.3862
4,0.0009,"[0, 4, 11, 12, 7, 2, 14, 6, 8, 15, 1, 13, 10, 5, 3, 9, 0]",4556.225
4,0.0009,"[0, 9, 1, 13, 3, 8, 11, 2, 10, 6, 5, 12, 4, 7, 15, 14, 0]",4352.8023
4,0.0009,"[0, 7, 1, 13, 6, 3, 12, 5, 9, 11, 10, 14, 8, 15, 4, 2, 0]",4335.9843
4,0.001,"[0, 7, 13, 2, 8, 11, 6, 12, 4, 1, 5, 15, 3, 14, 10, 9, 0]",4038.4362
4,0.0009,"[0, 8, 3, 14, 11, 5, 13, 7, 6, 10, 2, 9, 15, 4, 12, 1, 0]",4117.1205
4,0.0009,"[0, 4, 8, 14, 5, 2, 9, 12, 15, 10, 6, 7, 3, 11, 13, 1, 0]",5331.1115
4,0.0009,"[0, 15, 11, 1, 2, 3, 4, 5, 12, 8, 13, 14, 9, 6, 10, 7, 0]",3650.5381
4,0.001,"[0, 10, 3, 14, 8, 12, 15, 6, 9, 4, 2, 5, 7, 11, 13, 1, 0]",4760.5991
4,0.0009,"[0, 7, 14, 3, 11, 10, 13, 8, 1, 5, 4, 6, 12, 2, 15, 9, 0]",4178.4114
4,0.0009,"[0, 5, 11, 8, 2, 4, 14, 9, 7, 6, 10, 1, 3, 12, 15, 13, 0]",4325.6272
4,0.0009,"[0, 2, 4, 11, 12, 15, 14, 8, 10, 13, 3, 5, 1, 9, 6, 7, 0]",4534.5245
4,0.001,"[0, 6, 2, 14, 12, 15, 11, 5, 9, 8, 4, 13, 10, 1, 7, 3, 0]",4696.9785
4,0.0009,"[0, 12, 7, 2, 4, 10, 5, 6, 1, 3, 8, 13, 11, 9, 14, 15, 0]",4408.0053
4,0.0009,"[0, 2, 15, 4, 14, 12, 1, 9, 13, 11, 7, 10, 3, 8, 5, 6, 0]",4166.0119
4,0.0009,"[0, 4, 11, 2, 5, 15, 14, 12, 9, 8, 7, 13, 6, 10, 1, 3, 0]",4302.1537
4,0.001,"[0, 15, 12, 9, 3, 6, 2, 5, 8, 7, 1, 13, 11, 4, 10, 14, 0]",4080.3225
4,0.001,"[0, 3, 9, 12, 1, 14, 7, 11, 15, 8, 5, 4, 6, 13, 10, 2, 0]",3863.7709
4,0.0009,"[0, 13, 9, 4, 8, 3, 1, 2, 12, 6, 15, 11, 10, 5, 14, 7, 0]",4437.2525
4,0.0009,"[0, 10, 11, 4, 7, 15, 14, 3, 9, 13, 5, 12, 1, 6, 2, 8, 0]",4637.5253
4,0.001,"[0, 2, 8, 11, 6, 14, 15, 5, 13, 12, 3, 1, 7, 4, 10, 9, 0]",5300.4214
4,0.0009,"[0, 7, 14, 6, 9, 5, 10, 1, 2, 15, 11, 13, 8, 12, 4, 3, 0]",3831.9851
4,0.0009,"[0, 13, 15, 4, 5, 8, 6, 10, 7, 11, 1, 12, 14, 3, 9, 2, 0]",5205.7479
4,0.0011,"[0, 8, 7, 11, 2, 9, 13, 12, 14, 6, 15, 10, 5, 4, 1, 3, 0]",3229.4384
4,0.001,"[0, 6, 11, 8, 1, 4, 10, 12, 15, 14, 5, 3, 7, 9, 2, 13, 0]",4216.229
4,0.0009,"[0, 14, 11, 5, 7, 4, 3, 8, 6, 12, 15, 13, 2, 1, 9, 10, 0]",3638.4043
4,0.0009,"[0, 3, 11, 7, 2, 6, 8, 5, 9, 12, 15, 1, 13, 14, 4, 10, 0]",4853.9184
4,0.0009,"[0, 9, 1, 13, 5, 7, 14, 10, 15, 6, 8, 11, 12, 4, 2, 3, 0]",4256.596
4,0.001,"[0, 3, 15, 5, 9, 1, 7, 2, 14, 11, 13, 8, 4, 12, 10, 6, 0]",3158.825
4,0.0009,"[0, 5, 9, 1, 3, 14, 2, 15, 12, 7, 4, 10, 6, 8, 13, 11, 0]",3841.8023
4,0.0009,"[0, 2, 4, 11, 1, 13, 10, 9, 8, 15, 6, 3, 12, 7, 14, 5, 0]",3665.2671
4,0.0009,"[0, 12, 10, 3, 1, 5, 2, 9, 7, 8, 4, 11, 15, 13, 6, 14, 0]",4590.9019
4,0.001,"[0, 1, 4, 7, 15, 9, 2, 13, 8, 12, 3, 11, 5, 14, 6, 10, 0]",3968.0372
4,0.0009,"[0, 15, 9, 5, 13, 3, 4, 10, 12, 8, 11, 7, 1, 6, 2, 14, 0]",3157.6673
4,0.0009,"[0, 11, 2, 15, 13, 1, 5, 12, 14, 10, 7, 8, 6, 9, 4, 3, 0]",3772.111
4,0.0009,"[0, 4, 8, 11, 15, 3, 1, 13, 12, 7, 14, 9, 6, 2, 5, 10, 0]",5095.2753
4,0.0012,"[0, 3, 6, 11, 8, 12, 2, 13, 15, 9, 10, 14, 7, 4, 1, 5, 0]",4423.3646
4,0.0009,"[0, 9, 8, 11, 6, 10, 1, 12, 14, 15, 13, 5, 7, 4, 2, 3, 0]",4869.1239
4,0.0009,"[0, 2, 11, 3, 8, 10, 15, 6, 1, 12, 14, 9, 13, 5, 4, 7, 0]",4036.2819
4,0.0009,"[0, 11, 14, 8, 4, 15, 13, 10, 9, 5, 7, 3, 2, 6, 12, 1, 0]",3290.002
4,0.001,"[0, 3, 2, 12, 14, 10, 7, 1, 8, 6, 5, 13, 4, 15, 11, 9, 0]",4223.3989
4,0.0009,"[0, 12, 15, 10, 11, 6, 14, 1, 5, 8, 2, 3, 13, 7, 4, 9, 0]",4529.7956
4,0.0009,"[0, 8, 11, 3, 9, 2, 12, 10, 6, 4, 15, 14, 7, 13, 1, 5, 0]",3510.2895
4,0.0009,"[0, 6, 15, 13, 2, 10, 3, 1, 8, 14, 12, 4, 9, 11, 7, 5, 0]",3891.2421
4,0.001,"[0, 9, 6, 10, 4, 2, 5, 1, 15, 8, 11, 3, 12, 13, 7, 14, 0]",4547.3859
4,0.0009,"[0, 4, 5, 8, 9, 1, 14, 15, 6, 7, 13, 2, 12, 10, 3, 11, 0]",4362.4798
4,0.0009,"[0, 2, 10, 4, 3, 15, 8, 1, 7, 12, 11, 14, 13, 6, 5, 9, 0]",3696.489
4,0.0009,"[0, 15, 4, 11, 5, 12, 14, 1, 3, 13, 2, 9, 6, 7, 10, 8, 0]",5001.236
4,0.001,"[0, 4, 15, 5, 2, 13, 9, 1, 14, 11, 12, 10, 8, 7, 6, 3, 0]",3599.6197
4,0.0009,"[0, 15, 2, 11, 7, 10, 12, 5, 3, 14, 13, 9, 8, 4, 1, 6, 0]",4504.4267
4,0.0009,"[0, 7, 2, 8, 9, 1, 13, 11, 12, 5, 4, 14, 3, 6, 15, 10, 0]",4571.3165
4,0.0009,"[0, 1, 5, 6, 12, 11, 4, 10, 2, 8, 3, 13, 9, 14, 7, 15, 0]",4908.5356
4,0.001,"[0, 15, 12, 6, 14, 7, 11, 10, 1, 9, 5, 4, 13, 8, 3, 2, 0]",5126.7764
4,0.0009,"[0, 15, 5, 1, 2, 8, 13, 11, 4, 3, 7, 14, 12, 9, 6, 10, 0]",4744.1163
4,0.001,"[0, 9, 4, 14, 10, 5, 3, 8, 13, 12, 6, 7, 2, 1, 15, 11, 0]",4348.3653
4,0.0009,"[0, 5, 14, 10, 1, 12, 11, 4, 13, 9, 3, 8, 2, 7, 15, 6, 0]",4656.1458
4,0.001,"[0, 13, 8, 7, 10, 14, 11, 2, 12, 3, 6, 5, 4, 15, 1, 9, 0]",3617.3325
4,0.0009,"[0, 1, 8, 15, 14, 2, 10, 13, 11, 9, 7, 12, 5, 6, 4, 3, 0]",4603.5474
4,0.0009,"[0, 11, 6, 1, 12, 15, 14, 4, 9, 2, 5, 13, 3, 10, 8, 7, 0]",3923.347
4,0.0009,"[0, 15, 2, 14, 13, 3, 1, 9, 10, 6, 8, 12, 11, 7, 5, 4, 0]",3982.4777
4,0.0013,"[0, 15, 1, 14, 9, 7, 12, 10, 3, 13, 11, 8, 2, 6, 4, 5, 0]",4771.4577
4,0.001,"[0, 3, 12, 5, 15, 8, 9, 13, 11, 10, 6, 4, 1, 2, 14, 7, 0]",3807.2925
4,0.0009,"[0, 6, 10, 13, 12, 2, 5, 14, 8, 4, 1, 11, 15, 7, 3, 9, 0]",4459.9737
4,0.0012,"[0, 14, 1, 4, 5, 15, 10, 3, 12, 9, 2, 8, 6, 11, 13, 7, 0]",3822.1523
4,0.0011,"[0, 2, 1, 4, 10, 9, 14, 11, 8, 3, 5, 13, 15, 7, 12, 6, 0]",3881.7492
4,0.0009,"[0, 12, 8, 13, 3, 4, 14, 10, 7, 1, 5, 11, 9, 6, 2, 15, 0]",4880.1814
4,0.0013,"[0, 8, 12, 10, 11, 9, 15, 14, 7, 1, 2, 5, 4, 3, 13, 6, 0]",4846.7165
4,0.0009,"[0, 5, 13, 6, 1, 9, 14, 3, 10, 12, 8, 2, 11, 7, 15, 4, 0]",4553.0064
4,0.001,"[0, 13, 6, 10, 11, 8, 9, 14, 12, 1, 15, 3, 4, 5, 2, 7, 0]",3671.0199
4,0.0012,"[0, 7, 11, 13, 5, 15, 9, 10, 6, 3, 12, 2, 1, 4, 8, 14, 0]",4511.0726
4,0.001,"[0, 6, 10, 12, 1, 13, 14, 5, 9, 4, 11, 15, 3, 8, 7, 2, 0]",4896.6924
4,0.0009,"[0, 6, 5, 8, 11, 9, 12, 7, 14, 3, 1, 4, 13, 10, 2, 15, 0]",4687.9734
4,0.001,"[0, 8, 6, 5, 13, 4, 11, 9, 14, 15, 12, 2, 7, 1, 3, 10, 0]",3654.5456
4,0.0009,"[0, 13, 11, 3, 12, 15, 4, 6, 10, 7, 2, 5, 1, 14, 8, 9, 0]",5059.4977
4,0.0009,"[0, 5, 13, 3, 2, 15, 9, 4, 12, 7, 11, 10, 1, 14, 8, 6, 0]",4133.8426
4,0.0009,"[0, 4, 12, 11, 1, 8, 15, 7, 14, 3, 2, 5, 13, 9, 6, 10, 0]",4007.5732
4,0.0012,"[0, 11, 14, 10, 13, 12, 15, 9, 8, 3, 2, 1, 4, 7, 5, 6, 0]",4223.8262
4,0.0009,"[0, 6, 5, 13, 8, 1, 9, 12, 4, 10, 2, 15, 3, 11, 7, 14, 0]",4724.4598
4,0.0009,"[0, 2, 4, 10, 13, 11, 8, 6, 12, 15, 14, 1, 3, 5, 9, 7, 0]",4336.8839
4,0.001,"[0, 14, 11, 15, 13, 4, 5, 12, 9, 8, 1, 7, 3, 6, 10, 2, 0]",3667.2773
4,0.0011,"[0, 1, 14, 12, 6, 13, 4, 8, 15, 11, 9, 7, 10, 2, 5, 3, 0]",4387.5049
4,0.0009,"[0, 15, 4, 5, 11, 9, 6, 12, 1, 7, 2, 14, 8, 13, 10, 3, 0]",4500.4473
4,0.0012,"[0, 4, 1, 2, 5, 13, 15, 3, 6, 7, 9, 12, 11, 8, 14, 10, 0]",3930.8975
4,0.0011,"[0, 10, 3, 2, 1, 6, 12, 7, 9, 11, 5, 14, 13, 15, 8, 4, 0]",3674.6205
4,0.0013,"[0, 4, 1, 15, 14, 3, 8, 9, 11, 13, 6, 2, 5, 10, 12, 7, 0]",4249.7321
4,0.0012,"[0, 15, 14, 9, 4, 10, 7, 5, 1, 3, 11, 13, 12, 2, 8, 6, 0]",4926.4059
4,0.0009,"[0, 4, 15, 7, 2, 3, 8, 9, 6, 12, 14, 11, 10, 1, 5, 13, 0]",4132.6074
4,0.0009,"[0, 1, 3, 15, 11, 12, 14, 10, 4, 9, 6, 2, 8, 5, 7, 13, 0]",3347.1196
4,0.0011,"[0, 15, 1, 14, 4, 8, 12, 10, 11, 13, 2, 6, 7, 9, 3, 5, 0]",4703.2488
4,0.0011,"[0, 13, 7, 8, 12, 6, 11, 1, 3, 5, 14, 4, 2, 9, 10, 15, 0]",4623.6237
4,0.001,"[0, 9, 1, 3, 15, 4, 2, 10, 7, 8, 11, 14, 13, 6, 12, 5, 0]",4466.4104
4,0.0013,"[0, 14, 3, 2, 12, 5, 4, 8, 7, 13, 1, 11, 6, 15, 9, 10, 0]",4286.5049
4,0.001,"[0, 6, 10, 4, 14, 8, 7, 2, 3, 12, 9, 11, 1, 15, 5, 13, 0]",3523.2966
4,0.0009,"[0, 5, 10, 9, 7, 15, 8, 2, 6, 14, 12, 4, 3, 11, 1, 13, 0]",4090.7563
4,0.0009,"[0, 10, 2, 9, 12, 1, 8, 14, 7, 3, 5, 15, 6, 11, 4, 13, 0]",4361.7057
4,0.001,"[0, 14, 15, 8, 4, 9, 12, 3, 6, 13, 7, 11, 2, 1, 5, 10, 0]",4008.7988
4,0.0016,"[0, 10, 3, 6, 8, 2, 15, 14, 13, 5, 11, 9, 7, 4, 1, 12, 0]",4265.7417
4,0.0012,"[0, 6, 8, 3, 12, 9, 10, 5, 14, 7, 11, 2, 4, 1, 13, 15, 0]",4984.4789
4,0.0009,"[0, 11, 12, 5, 10, 13, 1, 15, 6, 8, 4, 7, 14, 2, 3, 9, 0]",4087.3997
4,0.0009,"[0, 12, 14, 7, 15, 2, 3, 9, 10, 4, 1, 5, 8, 6, 13, 11, 0]",4926.7412
4,0.0011,"[0, 12, 5, 6, 1, 4, 8, 2, 11, 3, 15, 14, 13, 7, 9, 10, 0]",3283.281
4,0.0009,"[0, 3, 9, 8, 12, 4, 5, 7, 13, 2, 11, 6, 10, 15, 1, 14, 0]",3874.696
4,0.0011,"[0, 13, 7, 9, 10, 12, 1, 5, 11, 6, 8, 4, 2, 15, 3, 14, 0]",4157.9576
4,0.001,"[0, 12, 7, 2, 8, 11, 4, 5, 15, 14, 10, 6, 13, 9, 1, 3, 0]",3850.3469
4,0.001,"[0, 10, 14, 3, 8, 9, 12, 11, 2, 7, 6, 4, 15, 1, 13, 5, 0]",3420.3946
4,0.0009,"[0, 1, 9, 15, 2, 6, 7, 8, 11, 12, 4, 10, 13, 5, 3, 14, 0]",4167.5183
4,0.0009,"[0, 15, 5, 9, 13, 12, 7, 3, 6, 11, 14, 8, 2, 4, 10, 1, 0]",4284.7374
4,0.001,"[0, 4, 12, 8, 5, 7, 11, 10, 9, 2, 3, 1, 15, 6, 13, 14, 0]",4497.2857
4,0.001,"[0, 8, 12, 9, 3, 6, 11, 1, 2, 7, 4, 5, 14, 15, 10, 13, 0]",4194.2215
4,0.0011,"[0, 2, 7, 12, 6, 14, 3, 1, 11, 10, 9, 15, 8, 5, 4, 13, 0]",3247.437
4,0.001,"[0, 11, 3, 13, 8, 5, 1, 2, 9, 10, 14, 6, 4, 15, 7, 12, 0]",3656.838
4,0.001,"[0, 1, 3, 15, 12, 14, 6, 8, 11, 2, 9, 5, 13, 4, 7, 10, 0]",4323.1674
4,0.001,"[0, 6, 14, 9, 15, 10, 3, 13, 5, 7, 2, 12, 8, 4, 11, 1, 0]",4113.4053
4,0.0012,"[0, 5, 13, 10, 9, 8, 3, 2, 14, 4, 1, 6, 11, 12, 7, 15, 0]",4260.6422
4,0.0009,"[0, 9, 5, 4, 6, 11, 13, 8, 10, 15, 14, 1, 3, 12, 7, 2, 0]",4066.5928
4,0.001,"[0, 10, 15, 1, 11, 3, 4, 8, 7, 9, 6, 14, 12, 5, 2, 13, 0]",3391.832
4,0.0013,"[0, 1, 5, 14, 10, 11, 15, 2, 3, 6, 4, 12, 9, 13, 8, 7, 0]",4946.8155
4,0.0009,"[0, 6, 9, 7, 4, 1, 11, 12, 5, 3, 13, 10, 2, 15, 14, 8, 0]",4141.3052
4,0.0009,"[0, 7, 9, 3, 10, 2, 15, 8, 14, 6, 1, 4, 5, 11, 13, 12, 0]",4279.84
4,0.001,"[0, 11, 14, 8, 9, 15, 5, 6, 4, 2, 7, 3, 10, 12, 1, 13, 0]",3957.1985
4,0.001,"[0, 5, 6, 13, 7, 15, 3, 12, 8, 2, 10, 9, 1, 4, 11, 14, 0]",4523.3496
4,0.0009,"[0, 15, 8, 12, 4, 2, 13, 3, 5, 11, 10, 6, 1, 14, 7, 9, 0]",3867.2461
4,0.0011,"[0, 3, 4, 10, 9, 15, 8, 6, 2, 5, 13, 11, 7, 14, 12, 1, 0]",4002.0542
4,0.0009,"[0, 2, 10, 13, 9, 14, 6, 12, 7, 5, 15, 1, 3, 8, 4, 11, 0]",4512.7859
4,0.001,"[0, 15, 8, 11, 12, 9, 2, 10, 3, 6, 5, 14, 7, 1, 13, 4, 0]",4250.164
4,0.0009,"[0, 6, 5, 11, 14, 13, 8, 15, 12, 1, 2, 4, 3, 7, 10, 9, 0]",5211.6482
4,0.001,"[0, 5, 2, 1, 9, 7, 8, 10, 6, 3, 14, 15, 11, 12, 4, 13, 0]",4010.2364
4,0.0009,"[0, 5, 11, 4, 12, 2, 6, 3, 8, 15, 9, 7, 10, 13, 14, 1, 0]",3454.9595
4,0.001,"[0, 10, 3, 5, 13, 8, 7, 6, 14, 1, 11, 12, 4, 15, 9, 2, 0]",3728.6103
4,0.0009,"[0, 11, 1, 8, 3, 12, 7, 2, 9, 6, 10, 15, 5, 13, 4, 14, 0]",3644.9491
4,0.0009,"[0, 14, 8, 9, 13, 4, 1, 11, 15, 5, 10, 6, 3, 7, 2, 12, 0]",3799.8359
4,0.001,"[0, 14, 9, 11, 8, 4, 12, 2, 13, 6, 7, 10, 15, 5, 3, 1, 0]",4836.4042
4,0.0012,"[0, 2, 4, 12, 7, 11, 15, 5, 13, 8, 9, 6, 14, 3, 10, 1, 0]",3457.7794
4,0.0009,"[0, 10, 6, 3, 7, 5, 1, 2, 14, 11, 8, 4, 9, 15, 12, 13, 0]",4177.4216
4,0.0009,"[0, 12, 4, 15, 3, 2, 9, 11, 7, 1, 8, 14, 13, 10, 6, 5, 0]",4527.8941
4,0.0009,"[0, 1, 9, 12, 4, 10, 3, 15, 5, 13, 14, 2, 8, 11, 7, 6, 0]",4012.7842
4,0.001,"[0, 1, 13, 6, 2, 14, 11, 9, 5, 4, 10, 12, 7, 8, 15, 3, 0]",3562.3433
4,0.0009,"[0, 7, 12, 4, 11, 2, 5, 3, 8, 9, 14, 13, 10, 6, 1, 15, 0]",4653.5375
4,0.0009,"[0, 14, 9, 12, 7, 4, 5, 2, 15, 1, 6, 11, 13, 10, 8, 3, 0]",3648.2783
4,0.0009,"[0, 14, 13, 4, 1, 9, 12, 3, 15, 2, 11, 10, 5, 7, 8, 6, 0]",4304.728
4,0.001,"[0, 14, 1, 6, 11, 5, 3, 4, 10, 7, 2, 9, 15, 8, 12, 13, 0]",4209.7773
4,0.001,"[0, 15, 5, 12, 6, 10, 2, 8, 13, 1, 11, 4, 7, 3, 14, 9, 0]",4224.3018
4,0.0009,"[0, 11, 3, 4, 8, 6, 13, 7, 2, 5, 15, 14, 12, 1, 9, 10, 0]",4141.4157
4,0.0009,"[0, 1, 3, 15, 8, 7, 13, 5, 11, 9, 4, 10, 12, 14, 2, 6, 0]",3674.5058
4,0.0013,"[0, 5, 11, 6, 4, 10, 12, 9, 14, 2, 8, 3, 15, 1, 7, 13, 0]",4761.3274
4,0.001,"[0, 5, 1, 7, 9, 12, 14, 10, 3, 11, 6, 2, 15, 4, 8, 13, 0]",4773.0465
4,0.001,"[0, 12, 9, 4, 13, 6, 14, 8, 7, 5, 2, 10, 15, 1, 3, 11, 0]",4459.0798
4,0.0009,"[0, 1, 7, 5, 12, 15, 13, 9, 6, 11, 2, 10, 8, 4, 14, 3, 0]",4549.4412
4,0.001,"[0, 9, 12, 15, 10, 11, 7, 4, 2, 13, 6, 5, 1, 14, 8, 3, 0]",4126.2799
4,0.0009,"[0, 7, 4, 1, 8, 13, 11, 9, 12, 5, 14, 15, 3, 6, 2, 10, 0]",4214.9478
4,0.0017,"[0, 1, 5, 10, 3, 7, 14, 9, 4, 6, 12, 2, 11, 8, 13, 15, 0]",3905.4183
4,0.001,"[0, 8, 5, 7, 10, 1, 2, 4, 11, 12, 9, 3, 6, 13, 15, 14, 0]",3866.432
4,0.001,"[0, 13, 6, 1, 9, 5, 10, 12, 14, 2, 4, 15, 11, 3, 8, 7, 0]",4507.7263
4,0.0012,"[0, 6, 15, 7, 11, 3, 1, 4, 9, 10, 2, 13, 14, 5, 8, 12, 0]",3636.8449
4,0.0009,"[0, 7, 1, 6, 9, 12, 10, 15, 13, 8, 3, 11, 14, 2, 4, 5, 0]",4320.448
4,0.0009,"[0, 3, 10, 13, 4, 7, 12, 5, 2, 9, 11, 14, 15, 8, 6, 1, 0]",4584.1688
4,0.001,"[0, 5, 2, 10, 4, 13, 15, 1, 6, 7, 3, 11, 8, 12, 14, 9, 0]",3956.075
4,0.0018,"[0, 12, 14, 2, 13, 10, 8, 15, 5, 9, 6, 3, 1, 11, 4, 7, 0]",4571.0015
4,0.0017,"[0, 11, 3, 7, 5, 4, 14, 6, 1, 8, 9, 10, 15, 13, 2, 12, 0]",3184.1988
4,0.0009,"[0, 9, 14, 3, 10, 13, 5, 6, 2, 15, 1, 12, 8, 4, 7, 11, 0]",5019.3219
4,0.001,"[0, 8, 15, 6, 12, 13, 10, 14, 3, 11, 7, 5, 9, 2, 1, 4, 0]",4827.5089
4,0.0009,"[0, 9, 12, 3, 13, 6, 14, 10, 8, 5, 2, 7, 15, 11, 4, 1, 0]",4601.3455
4,0.0011,"[0, 5, 13, 14, 3, 15, 12, 6, 1, 4, 10, 2, 9, 11, 8, 7, 0]",4683.8113
4,0.001,"[0, 15, 10, 7, 1, 4, 8, 9, 14, 12, 3, 11, 5, 6, 2, 13, 0]",3373.0084
4,0.001,"[0, 10, 4, 14, 6, 2, 13, 5, 9, 1, 3, 15, 8, 12, 11, 7, 0]",4329.1368
4,0.001,"[0, 14, 13, 1, 4, 5, 9, 6, 15, 7, 8, 11, 10, 12, 3, 2, 0]",4931.5881
4,0.001,"[0, 1, 9, 5, 8, 13, 11, 4, 3, 15, 10, 14, 7, 6, 2, 12, 0]",4128.8013
4,0.0009,"[0, 12, 6, 15, 14, 11, 3, 1, 2, 10, 8, 7, 4, 9, 5, 13, 0]",3808.2804
4,0.0013,"[0, 3, 11, 14, 2, 9, 15, 7, 1, 5, 13, 4, 6, 12, 8, 10, 0]",3819.8166
4,0.0011,"[0, 14, 13, 7, 12, 9, 11, 8, 10, 6, 15, 2, 3, 1, 5, 4, 0]",4503.1665
4,0.0009,"[0, 1, 10, 7, 14, 2, 12, 4, 13, 9, 3, 8, 6, 5, 11, 15, 0]",3624.2515
4,0.001,"[0, 4, 9, 14, 13, 15, 12, 2, 7, 11, 1, 8, 10, 5, 3, 6, 0]",4702.0109
4,0.001,"[0, 14, 9, 2, 5, 3, 6, 1, 8, 10, 12, 4, 7, 15, 11, 13, 0]",4644.4563
4,0.0009,"[0, 5, 13, 8, 10, 9, 3, 6, 14, 11, 1, 15, 4, 7, 12, 2, 0]",4183.4779
4,0.0009,"[0, 8, 5, 13, 15, 3, 2, 1, 9, 11, 4, 6, 14, 10, 12, 7, 0]",4537.6054
4,0.001,"[0, 10, 14, 7, 8, 2, 9, 11, 5, 4, 12, 15, 6, 13, 3, 1, 0]",4319.0477
4,0.0013,"[0, 13, 8, 11, 4, 9, 15, 10, 7, 14, 12, 3, 2, 6, 1, 5, 0]",4632.4634
4,0.0009,"[0, 11, 1, 10, 8, 13, 5, 12, 6, 7, 4, 3, 9, 15, 14, 2, 0]",3946.2462
4,0.001,"[0, 10, 1, 12, 15, 14, 7, 3, 13, 11, 5, 6, 8, 2, 9, 4, 0]",5328.8316
4,0.001,"[0, 6, 15, 12, 10, 2, 5, 1, 8, 7, 11, 3, 13, 4, 9, 14, 0]",4208.114
4,0.0012,"[0, 8, 12, 7, 15, 5, 2, 11, 14, 6, 13, 1, 9, 4, 10, 3, 0]",3978.9787
4,0.0011,"[0, 5, 6, 1, 7, 11, 10, 3, 15, 2, 13, 12, 8, 4, 14, 9, 0]",4415.2242
4,0.0009,"[0, 1, 14, 12, 8, 2, 6, 13, 11, 3, 15, 7, 9, 4, 10, 5, 0]",4185.7109
4,0.0013,"[0, 4, 14, 1, 11, 7, 3, 10, 5, 13, 9, 15, 2, 12, 6, 8, 0]",4015.6917
4,0.0012,"[0, 10, 3, 12, 11, 9, 5, 14, 13, 2, 7, 6, 1, 15, 4, 8, 0]",3903.6358
4,0.0009,"[0, 13, 4, 11, 12, 6, 9, 5, 15, 1, 8, 7, 3, 14, 10, 2, 0]",5183.9119
4,0.0009,"[0, 10, 6, 4, 8, 11, 14, 7, 1, 2, 13, 12, 9, 5, 3, 15, 0]",4041.7485
4,0.001,"[0, 7, 12, 1, 8, 11, 10, 14, 3, 4, 15, 6, 13, 2, 9, 5, 0]",4918.1617
4,0.001,"[0, 13, 10, 14, 4, 5, 6, 3, 1, 9, 12, 8, 11, 7, 2, 15, 0]",4605.8364
4,0.001,"[0, 5, 4, 15, 3, 1, 8, 2, 6, 9, 10, 12, 11, 7, 13, 14, 0]",4201.5781
4,0.001,"[0, 12, 9, 5, 6, 13, 1, 2, 8, 15, 4, 14, 7, 10, 11, 3, 0]",3769.9108
4,0.0009,"[0, 4, 10, 14, 5, 1, 6, 8, 13, 9, 2, 3, 12, 11, 7, 15, 0]",4467.876
4,0.001,"[0, 3, 2, 10, 12, 15, 7, 9, 11, 13, 1, 5, 14, 4, 6, 8, 0]",4289.5814
4,0.0009,"[0, 8, 7, 14, 12, 9, 10, 6, 3, 2, 1, 13, 11, 4, 15, 5, 0]",4946.1585
4,0.001,"[0, 5, 4, 11, 7, 10, 1, 8, 13, 2, 14, 15, 6, 3, 12, 9, 0]",3870.1515
4,0.0009,"[0, 3, 14, 6, 7, 8, 2, 5, 1, 12, 10, 4, 15, 11, 9, 13, 0]",4100.833
4,0.0012,"[0, 4, 9, 7, 3, 14, 1, 12, 5, 13, 11, 10, 15, 8, 2, 6, 0]",4277.3487
4,0.0011,"[0, 15, 4, 8, 12, 13, 2, 10, 5, 7, 3, 1, 6, 9, 14, 11, 0]",4210.8783
4,0.0009,"[0, 11, 4, 2, 8, 9, 14, 5, 10, 15, 1, 13, 12, 7, 6, 3, 0]",4100.8585
4,0.0009,"[0, 1, 13, 3, 5, 9, 15, 4, 6, 8, 2, 10, 7, 11, 14, 12, 0]",4468.056
4,0.0012,"[0, 15, 9, 14, 8, 3, 5, 4, 13, 1, 6, 12, 10, 11, 7, 2, 0]",4010.1259
4,0.0009,"[0, 14, 5, 10, 13, 11, 1, 3, 15, 8, 2, 7, 6, 12, 4, 9, 0]",4297.3341
4,0.0009,"[0, 12, 11, 6, 2, 8, 5, 10, 13, 7, 3, 9, 14, 15, 1, 4, 0]",3980.4668
4,0.0012,"[0, 6, 12, 10, 3, 13, 7, 11, 14, 5, 4, 1, 8, 9, 2, 15, 0]",4726.9348
4,0.001,"[0, 10, 11, 13, 2, 5, 4, 1, 15, 6, 12, 9, 3, 7, 14, 8, 0]",4204.8944
4,0.0009,"[0, 6, 10, 4, 11, 14, 3, 8, 12, 15, 1, 2, 9, 5, 7, 13, 0]",4714.5677
4,0.0009,"[0, 14, 15, 8, 2, 12, 13, 5, 3, 9, 7, 6, 4, 11, 1, 10, 0]",4804.7793
4,0.001,"[0, 3, 11, 14, 13, 6, 5, 1, 15, 10, 12, 7, 9, 8, 2, 4, 0]",4034.7802
4,0.001,"[0, 11, 12, 9, 1, 8, 7, 4, 2, 10, 6, 13, 3, 5, 15, 14, 0]",3820.6578
4,0.001,"[0, 1, 9, 14, 5, 10, 2, 13, 3, 12, 15, 8, 7, 11, 6, 4, 0]",4367.0123
4,0.001,"[0, 7, 9, 8, 12, 11, 4, 15, 14, 1, 3, 5, 10, 2, 6, 13, 0]",4282.8975
4,0.001,"[0, 1, 8, 6, 10, 14, 13, 12, 3, 2, 9, 11, 15, 7, 4, 5, 0]",4936.5318
4,0.001,"[0, 15, 1, 13, 7, 4, 11, 12, 2, 9, 14, 6, 8, 3, 10, 5, 0]",4401.4891
4,0.0012,"[0, 11, 5, 1, 3, 4, 13, 6, 9, 7, 8, 14, 10, 12, 2, 15, 0]",4404.5579
4,0.0009,"[0, 1, 14, 13, 8, 12, 6, 3, 9, 7, 4, 11, 15, 2, 5, 10, 0]",3831.6515
4,0.0009,"[0, 13, 8, 15, 9, 2, 7, 3, 14, 4, 6, 10, 5, 11, 1, 12, 0]",4624.0984
4,0.0012,"[0, 3, 6, 11, 8, 1, 2, 15, 13, 9, 5, 10, 7, 12, 4, 14, 0]",2957.8204
4,0.0009,"[0, 5, 11, 9, 3, 14, 12, 13, 7, 4, 2, 10, 6, 8, 15, 1, 0]",4293.2765
4,0.0009,"[0, 13, 15, 3, 6, 1, 12, 4, 11, 2, 7, 10, 8, 9, 5, 14, 0]",4234.5039
4,0.001,"[0, 5, 7, 13, 4, 8, 3, 15, 10, 9, 12, 6, 11, 2, 14, 1, 0]",4675.4111
4,0.0011,"[0, 4, 1, 13, 5, 14, 6, 8, 7, 12, 9, 3, 15, 11, 10, 2, 0]",3231.3834
4,0.0009,"[0, 5, 1, 10, 8, 11, 13, 3, 2, 4, 14, 7, 6, 9, 15, 12, 0]",4902.2187
4,0.0009,"[0, 6, 1, 8, 14, 12, 10, 5, 7, 3, 15, 4, 11, 2, 13, 9, 0]",4508.4423
4,0.0012,"[0, 1, 5, 13, 6, 4, 2, 12, 9, 15, 10, 11, 3, 7, 8, 14, 0]",3428.7352
4,0.001,"[0, 10, 7, 8, 12, 1, 15, 4, 2, 9, 6, 11, 13, 14, 3, 5, 0]",4879.3637
4,0.0009,"[0, 12, 9, 3, 11, 10, 8, 1, 7, 2, 4, 5, 6, 14, 13, 15, 0]",5152.9814
4,0.001,"[0, 10, 1, 6, 11, 7, 15, 3, 8, 14, 9, 12, 13, 2, 5, 4, 0]",3891.8509
4,0.001,"[0, 10, 2, 6, 14, 13, 1, 4, 7, 15, 9, 8, 12, 11, 3, 5, 0]",4388.524
4,0.0012,"[0, 4, 5, 13, 15, 7, 6, 12, 10, 3, 2, 8, 1, 11, 14, 9, 0]",4928.3943
4,0.0016,"[0, 9, 5, 14, 7, 1, 11, 2, 10, 13, 4, 3, 8, 6, 15, 12, 0]",4268.7531
4,0.001,"[0, 8, 14, 2, 7, 5, 6, 1, 10, 3, 12, 13, 4, 15, 9, 11, 0]",3884.4983
4,0.0009,"[0, 6, 5, 1, 15, 8, 2, 11, 14, 10, 7, 12, 9, 3, 13, 4, 0]",4146.3591
4,0.0012,"[0, 7, 2, 10, 6, 4, 1, 9, 5, 12, 3, 11, 15, 14, 8, 13, 0]",5473.8539
4,0.001,"[0, 10, 9, 6, 12, 13, 1, 11, 5, 14, 15, 8, 7, 4, 3, 2, 0]",4429.8776
4,0.0009,"[0, 14, 2, 9, 11, 7, 8, 4, 5, 1, 13, 15, 6, 12, 3, 10, 0]",3277.1853
4,0.001,"[0, 9, 5, 14, 6, 12, 15, 11, 13, 10, 3, 2, 7, 4, 8, 1, 0]",4244.4427
4,0.0012,"[0, 9, 7, 2, 13, 1, 3, 6, 11, 4, 15, 8, 12, 14, 10, 5, 0]",4201.4081
4,0.001,"[0, 12, 6, 3, 2, 9, 4, 1, 8, 10, 15, 13, 11, 5, 7, 14, 0]",4508.5754
4,0.0012,"[0, 15, 2, 5, 11, 6, 3, 13, 7, 14, 4, 10, 9, 1, 12, 8, 0]",4285.8974
4,0.0012,"[0, 13, 12, 15, 8, 3, 14, 4, 5, 2, 10, 9, 1, 7, 6, 11, 0]",3696.5755
4,0.0011,"[0, 14, 11, 5, 10, 13, 3, 2, 9, 15, 4, 12, 8, 7, 6, 1, 0]",3322.2136
4,0.0012,"[0, 7, 3, 12, 2, 1, 5, 14, 4, 9, 6, 11, 15, 13, 8, 10, 0]",4354.5322
4,0.001,"[0, 4, 7, 3, 5, 14, 10, 12, 15, 13, 2, 11, 1, 8, 6, 9, 0]",4759.1477
4,0.001,"[0, 15, 2, 6, 13, 12, 9, 4, 11, 7, 5, 3, 14, 8, 1, 10, 0]",4284.7828
4,0.0015,"[0, 6, 7, 5, 9, 14, 11, 12, 15, 1, 3, 8, 4, 13, 2, 10, 0]",5101.2261
4,0.001,"[0, 6, 9, 14, 7, 15, 3, 11, 8, 12, 2, 4, 13, 10, 5, 1, 0]",3881.4931
4,0.001,"[0, 3, 5, 1, 7, 15, 12, 8, 4, 9, 2, 6, 13, 10, 14, 11, 0]",3756.6087
4,0.0012,"[0, 7, 2, 4, 10, 11, 14, 12, 6, 5, 13, 1, 3, 9, 8, 15, 0]",3524.4309
4,0.0011,"[0, 11, 9, 10, 3, 6, 12, 5, 8, 4, 14, 15, 2, 7, 1, 13, 0]",4711.3245
4,0.001,"[0, 6, 8, 14, 9, 3, 1, 11, 4, 5, 2, 10, 13, 7, 15, 12, 0]",4611.785
4,0.0011,"[0, 1, 13, 3, 9, 6, 2, 10, 12, 15, 8, 11, 7, 14, 5, 4, 0]",4433.7857
4,0.001,"[0, 10, 5, 14, 3, 11, 13, 12, 8, 15, 6, 2, 9, 4, 1, 7, 0]",4154.3717
4,0.001,"[0, 1, 4, 15, 2, 5, 12, 9, 11, 14, 13, 3, 6, 10, 8, 7, 0]",4654.4348
4,0.0012,"[0, 6, 8, 10, 15, 4, 5, 3, 9, 1, 7, 13, 2, 12, 11, 14, 0]",4741.5986
4,0.0016,"[0, 13, 5, 14, 15, 8, 7, 4, 12, 3, 9, 2, 10, 11, 1, 6, 0]",3911.0173
4,0.0011,"[0, 3, 12, 2, 15, 7, 5, 14, 8, 9, 13, 1, 4, 6, 10, 11, 0]",3552.8316
4,0.0011,"[0, 14, 15, 5, 7, 11, 6, 8, 3, 9, 13, 4, 10, 1, 12, 2, 0]",4193.9573
4,0.0009,"[0, 4, 13, 2, 5, 8, 11, 1, 15, 7, 6, 3, 12, 10, 14, 9, 0]",4642.7955
4,0.0014,"[0, 7, 4, 6, 15, 9, 3, 10, 11, 5, 1, 13, 8, 2, 14, 12, 0]",3528.5158
4,0.0012,"[0, 15, 11, 4, 14, 8, 1, 7, 12, 3, 6, 5, 2, 9, 10, 13, 0]",3803.9519
4,0.0011,"[0, 2, 9, 15, 6, 3, 1, 14, 4, 13, 11, 12, 7, 10, 8, 5, 0]",4046.5707
4,0.0012,"[0, 2, 3, 7, 8, 13, 15, 1, 10, 6, 11, 14, 12, 4, 9, 5, 0]",5189.1162
4,0.0009,"[0, 8, 15, 6, 10, 14, 7, 5, 11, 4, 1, 9, 3, 12, 13, 2, 0]",4430.1946
4,0.001,"[0, 3, 15, 11, 13, 1, 6, 7, 5, 2, 10, 9, 12, 14, 8, 4, 0]",4522.4925
4,0.0014,"[0, 10, 5, 14, 2, 15, 1, 11, 12, 7, 9, 8, 4, 3, 6, 13, 0]",3936.0637
4,0.0009,"[0, 6, 10, 3, 11, 8, 4, 12, 2, 13, 7, 14, 5, 9, 15, 1, 0]",4958.0502
4,0.001,"[0, 12, 5, 7, 11, 10, 3, 9, 1, 6, 4, 15, 2, 8, 14, 13, 0]",4648.369
4,0.0011,"[0, 8, 12, 10, 6, 14, 2, 3, 7, 11, 5, 4, 15, 1, 13, 9, 0]",4583.585
4,0.0011,"[0, 10, 9, 1, 5, 8, 11, 14, 3, 15, 13, 7, 6, 4, 12, 2, 0]",4191.7745
4,0.0011,"[0, 9, 8, 6, 2, 7, 14, 4, 10, 12, 1, 15, 13, 3, 5, 11, 0]",4593.0872
4,0.0009,"[0, 14, 3, 6, 1, 11, 4, 9, 12, 10, 15, 2, 7, 5, 13, 8, 0]",4092.5739
4,0.0009,"[0, 13, 2, 1, 12, 14, 8, 9, 15, 4, 3, 11, 10, 7, 5, 6, 0]",4743.0335
4,0.0012,"[0, 1, 3, 6, 10, 2, 14, 9, 12, 5, 15, 13, 4, 11, 7, 8, 0]",4095.4799
4,0.001,"[0, 3, 11, 13, 4, 8, 1, 6, 14, 15, 9, 7, 5, 12, 10, 2, 0]",5710.9697
4,0.001,"[0, 8, 15, 2, 4, 13, 14, 9, 3, 5, 12, 10, 11, 6, 1, 7, 0]",3156.5705
4,0.0009,"[0, 13, 15, 2, 3, 7, 5, 12, 10, 4, 1, 14, 8, 6, 11, 9, 0]",4441.0541
4,0.0022,"[0, 8, 4, 13, 6, 1, 2, 12, 9, 15, 3, 11, 7, 10, 5, 14, 0]",4814.3983
4,0.0009,"[0, 15, 10, 6, 13, 2, 7, 9, 1, 3, 4, 5, 11, 12, 8, 14, 0]",4818.8555
4,0.0009,"[0, 6, 9, 1, 7, 3, 2, 4, 14, 5, 15, 8, 13, 11, 12, 10, 0]",3978.0887
4,0.0011,"[0, 8, 11, 4, 15, 12, 3, 13, 14, 9, 5, 6, 2, 1, 7, 10, 0]",4716.089
4,0.0011,"[0, 11, 10, 14, 13, 5, 3, 7, 1, 6, 12, 9, 2, 8, 4, 15, 0]",4475.0949
4,0.001,"[0, 13, 12, 8, 10, 9, 15, 5, 3, 11, 14, 7, 6, 1, 2, 4, 0]",4397.56
4,0.002,"[0, 6, 8, 1, 11, 14, 15, 13, 2, 9, 5, 4, 10, 12, 3, 7, 0]",4169.3793
4,0.001,"[0, 7, 12, 2, 3, 5, 8, 11, 6, 1, 14, 4, 9, 15, 10, 13, 0]",4613.5814
4,0.001,"[0, 13, 6, 7, 15, 9, 2, 5, 8, 11, 14, 12, 3, 10, 4, 1, 0]",4787.2198
4,0.0012,"[0, 5, 3, 6, 8, 10, 14, 11, 1, 13, 2, 7, 9, 4, 15, 12, 0]",3953.4068
4,0.001,"[0, 10, 3, 12, 11, 1, 7, 2, 8, 4, 13, 15, 5, 9, 14, 6, 0]",3547.5884
4,0.0011,"[0, 2, 5, 15, 8, 12, 4, 14, 6, 9, 3, 7, 10, 13, 1, 11, 0]",3520.3514
4,0.0015,"[0, 3, 5, 4, 6, 12, 1, 15, 14, 9, 8, 2, 13, 7, 11, 10, 0]",4261.2327
4,0.0009,"[0, 10, 6, 7, 13, 11, 9, 12, 3, 8, 1, 5, 4, 15, 14, 2, 0]",4453.9836
4,0.0009,"[0, 12, 1, 13, 7, 4, 11, 10, 14, 5, 2, 15, 9, 3, 8, 6, 0]",3863.6479
4,0.0011,"[0, 5, 7, 14, 3, 2, 15, 9, 1, 8, 13, 6, 12, 4, 11, 10, 0]",4264.8452
4,0.001,"[0, 9, 3, 13, 4, 7, 10, 2, 8, 15, 14, 11, 6, 1, 12, 5, 0]",4828.9745
4,0.0009,"[0, 13, 12, 14, 3, 6, 9, 2, 11, 10, 8, 5, 4, 7, 15, 1, 0]",4266.9739
4,0.0012,"[0, 10, 13, 5, 8, 6, 11, 3, 2, 9, 7, 1, 12, 15, 14, 4, 0]",3853.9573
4,0.0011,"[0, 15, 2, 6, 9, 8, 7, 3, 1, 12, 13, 10, 5, 14, 4, 11, 0]",4017.8508
4,0.0016,"[0, 8, 3, 13, 9, 4, 11, 7, 5, 6, 2, 15, 1, 10, 12, 14, 0]",4178.1564
4,0.0016,"[0, 14, 11, 13, 10, 8, 6, 4, 15, 3, 5, 7, 9, 12, 1, 2, 0]",3853.964
4,0.0011,"[0, 5, 9, 8, 7, 1, 3, 2, 15, 6, 11, 4, 13, 12, 14, 10, 0]",4707.2717
4,0.0009,"[0, 7, 9, 10, 2, 13, 6, 15, 14, 1, 3, 12, 8, 11, 4, 5, 0]",3423.9457
4,0.001,"[0, 3, 14, 8, 5, 9, 2, 7, 15, 1, 11, 12, 10, 6, 13, 4, 0]",4646.4976
4,0.001,"[0, 14, 4, 8, 11, 3, 12, 9, 13, 2, 5, 10, 15, 1, 6, 7, 0]",4799.7773
4,0.0013,"[0, 13, 12, 6, 10, 11, 5, 8, 2, 14, 7, 1, 15, 9, 3, 4, 0]",4419.5552
4,0.0019,"[0, 15, 2, 5, 3, 6, 14, 9, 10, 12, 4, 11, 8, 1, 7, 13, 0]",3817.514
4,0.0019,"[0, 11, 2, 15, 12, 5, 3, 6, 14, 7, 4, 10, 1, 8, 9, 13, 0]",3998.4807
4,0.0021,"[0, 5, 3, 11, 10, 8, 1, 7, 12, 6, 4, 15, 9, 14, 2, 13, 0]",4287.5994
4,0.0019,"[0, 1, 11, 12, 10, 7, 5, 9, 14, 2, 15, 8, 4, 6, 3, 13, 0]",3842.5072
4,0.0012,"[0, 15, 4, 7, 6, 2, 1, 11, 8, 5, 12, 3, 13, 10, 14, 9, 0]",3589.517
4,0.0022,"[0, 10, 13, 2, 1, 12, 14, 9, 3, 4, 7, 6, 11, 15, 5, 8, 0]",4456.9807
4,0.001,"[0, 15, 3, 12, 8, 2, 11, 5, 10, 13, 14, 9, 6, 7, 1, 4, 0]",3905.5496
4,0.0009,"[0, 6, 10, 2, 13, 14, 4, 3, 5, 7, 12, 1, 11, 15, 8, 9, 0]",4160.2163
4,0.0014,"[0, 15, 4, 8, 2, 1, 3, 10, 12, 11, 6, 5, 13, 14, 9, 7, 0]",4506.3693
4,0.0011,"[0, 14, 13, 7, 8, 12, 3, 4, 11, 9, 10, 5, 15, 1, 6, 2, 0]",4428.2915
4,0.0014,"[0, 15, 7, 8, 13, 5, 14, 9, 12, 6, 11, 10, 4, 3, 1, 2, 0]",3658.2172
4,0.0015,"[0, 12, 3, 4, 8, 6, 10, 2, 1, 15, 7, 13, 9, 5, 14, 11, 0]",4176.8697
4,0.0011,"[0, 15, 3, 6, 1, 9, 4, 7, 12, 10, 2, 11, 14, 13, 5, 8, 0]",4784.4096
4,0.0011,"[0, 7, 10, 11, 14, 12, 15, 1, 9, 6, 3, 8, 5, 2, 13, 4, 0]",4330.903
4,0.001,"[0, 13, 3, 11, 15, 8, 7, 4, 9, 5, 12, 1, 14, 2, 6, 10, 0]",4406.3824
4,0.001,"[0, 9, 4, 2, 10, 6, 12, 8, 3, 11, 14, 5, 15, 1, 13, 7, 0]",4636.4965
4,0.0014,"[0, 6, 10, 3, 2, 14, 4, 12, 7, 11, 9, 15, 8, 1, 5, 13, 0]",4816.7165
4,0.0014,"[0, 4, 12, 1, 13, 7, 8, 5, 9, 10, 15, 3, 6, 11, 14, 2, 0]",4396.6353
4,0.001,"[0, 9, 7, 14, 10, 3, 15, 2, 1, 8, 6, 13, 5, 4, 11, 12, 0]",5187.7617
4,0.0014,"[0, 11, 5, 12, 7, 14, 15, 4, 8, 9, 10, 1, 6, 3, 2, 13, 0]",3926.8791
4,0.0011,"[0, 13, 7, 12, 14, 10, 15, 4, 9, 1, 2, 3, 5, 6, 8, 11, 0]",4383.9122
4,0.0018,"[0, 1, 10, 11, 8, 12, 5, 15, 3, 6, 4, 9, 14, 7, 2, 13, 0]",3976.4738
4,0.0018,"[0, 9, 2, 11, 12, 1, 7, 10, 14, 8, 5, 4, 3, 15, 6, 13, 0]",3627.7056
4,0.0011,"[0, 10, 8, 14, 6, 3, 11, 4, 1, 2, 7, 9, 5, 13, 12, 15, 0]",4035.3573
4,0.0014,"[0, 1, 13, 5, 3, 11, 6, 15, 12, 14, 2, 7, 4, 8, 10, 9, 0]",3262.9035
4,0.0011,"[0, 3, 13, 14, 1, 5, 11, 10, 15, 7, 12, 4, 2, 8, 6, 9, 0]",4748.0237
4,0.0017,"[0, 3, 11, 15, 8, 5, 7, 10, 6, 2, 9, 12, 13, 4, 14, 1, 0]",3256.388
4,0.0017,"[0, 7, 4, 10, 8, 15, 11, 6, 13, 12, 9, 1, 2, 3, 14, 5, 0]",3868.1451
4,0.0015,"[0, 1, 13, 7, 10, 2, 9, 14, 15, 3, 12, 11, 4, 5, 6, 8, 0]",4282.7522
4,0.0014,"[0, 3, 9, 13, 5, 2, 4, 7, 14, 10, 15, 11, 1, 8, 6, 12, 0]",4662.2679
4,0.001,"[0, 5, 12, 2, 3, 1, 7, 14, 10, 8, 11, 15, 9, 4, 13, 6, 0]",4812.2325
4,0.0015,"[0, 2, 15, 12, 4, 5, 6, 3, 14, 8, 13, 1, 10, 9, 7, 11, 0]",3793.3667
4,0.001,"[0, 11, 4, 3, 6, 8, 12, 7, 2, 13, 1, 5, 15, 9, 10, 14, 0]",3952.823
4,0.001,"[0, 3, 14, 11, 6, 2, 9, 15, 8, 7, 10, 1, 12, 4, 5, 13, 0]",4496.5312
4,0.0017,"[0, 11, 10, 15, 4, 14, 5, 7, 3, 12, 6, 2, 13, 1, 8, 9, 0]",3661.9185
4,0.001,"[0, 15, 4, 6, 12, 8, 9, 14, 5, 11, 1, 13, 7, 3, 2, 10, 0]",3758.7865
4,0.0015,"[0, 9, 14, 10, 4, 6, 12, 1, 8, 3, 5, 2, 15, 11, 13, 7, 0]",4422.6049
4,0.0014,"[0, 3, 13, 1, 7, 11, 6, 10, 5, 4, 12, 9, 14, 8, 2, 15, 0]",4570.2878
4,0.001,"[0, 6, 15, 11, 7, 14, 12, 9, 2, 10, 13, 8, 4, 5, 3, 1, 0]",3562.829
4,0.0009,"[0, 1, 4, 7, 9, 14, 15, 11, 10, 8, 6, 12, 3, 13, 5, 2, 0]",4487.5519
4,0.001,"[0, 15, 14, 11, 9, 1, 3, 4, 12, 8, 7, 13, 10, 2, 6, 5, 0]",2830.5252
4,0.001,"[0, 3, 13, 7, 5, 11, 1, 14, 12, 8, 9, 10, 6, 15, 2, 4, 0]",4573.6041
4,0.0012,"[0, 10, 8, 9, 3, 4, 15, 7, 1, 5, 13, 11, 14, 12, 2, 6, 0]",4553.521
4,0.0017,"[0, 8, 7, 13, 11, 2, 3, 15, 5, 4, 1, 9, 14, 12, 10, 6, 0]",3440.2455
4,0.001,"[0, 3, 9, 14, 15, 4, 11, 12, 8, 2, 5, 6, 10, 1, 13, 7, 0]",4180.8991
4,0.0014,"[0, 7, 12, 13, 9, 2, 3, 1, 11, 4, 15, 5, 14, 6, 8, 10, 0]",4373.8018
4,0.001,"[0, 1, 2, 12, 6, 14, 9, 7, 10, 3, 5, 13, 15, 11, 8, 4, 0]",4252.7084
4,0.0013,"[0, 3, 4, 9, 6, 5, 15, 12, 1, 7, 2, 10, 11, 13, 14, 8, 0]",4008.7874
4,0.0012,"[0, 3, 11, 10, 15, 9, 1, 7, 12, 4, 13, 14, 6, 2, 5, 8, 0]",4275.8061
4,0.0011,"[0, 2, 10, 5, 4, 14, 3, 8, 11, 9, 1, 15, 7, 12, 6, 13, 0]",4479.8154
4,0.0015,"[0, 7, 5, 14, 8, 6, 13, 10, 12, 1, 15, 3, 4, 9, 2, 11, 0]",4227.7262
4,0.001,"[0, 13, 4, 7, 3, 9, 14, 6, 8, 15, 10, 12, 11, 2, 5, 1, 0]",4043.7358
4,0.001,"[0, 12, 11, 2, 10, 4, 14, 8, 1, 7, 15, 3, 5, 6, 13, 9, 0]",4552.992
4,0.0016,"[0, 4, 1, 13, 15, 12, 6, 2, 3, 5, 8, 7, 10, 9, 11, 14, 0]",3684.1332
4,0.001,"[0, 12, 3, 4, 11, 13, 6, 5, 9, 10, 8, 15, 2, 14, 1, 7, 0]",3856.8419
4,0.001,"[0, 1, 5, 4, 12, 6, 2, 11, 10, 13, 3, 7, 15, 14, 9, 8, 0]",3409.662
4,0.0013,"[0, 14, 10, 4, 8, 9, 2, 11, 3, 15, 1, 13, 5, 12, 7, 6, 0]",5353.6745
4,0.0011,"[0, 15, 8, 1, 12, 14, 5, 11, 13, 9, 3, 2, 6, 10, 4, 7, 0]",4343.9219
4,0.0014,"[0, 12, 2, 11, 15, 8, 1, 3, 14, 10, 7, 13, 4, 5, 6, 9, 0]",4823.6968
4,0.0013,"[0, 5, 3, 11, 12, 9, 15, 14, 7, 4, 8, 10, 13, 1, 6, 2, 0]",4751.0987
4,0.0019,"[0, 8, 11, 10, 7, 9, 4, 12, 13, 1, 15, 2, 14, 3, 6, 5, 0]",4623.2506
4,0.0011,"[0, 5, 2, 6, 14, 3, 10, 4, 12, 13, 8, 11, 1, 7, 9, 15, 0]",4105.0655
4,0.0009,"[0, 7, 15, 14, 3, 2, 13, 1, 4, 10, 12, 8, 5, 11, 9, 6, 0]",4311.6748
4,0.001,"[0, 8, 13, 4, 3, 15, 6, 11, 9, 12, 7, 1, 14, 2, 10, 5, 0]",4608.9807
4,0.001,"[0, 7, 8, 5, 14, 9, 11, 3, 13, 6, 2, 4, 1, 10, 15, 12, 0]",3962.4374
4,0.001,"[0, 8, 4, 6, 2, 1, 7, 9, 14, 11, 15, 3, 10, 5, 13, 12, 0]",4056.9154
4,0.0011,"[0, 8, 1, 6, 13, 9, 14, 10, 5, 15, 7, 12, 11, 2, 4, 3, 0]",4522.2943
4,0.001,"[0, 4, 10, 14, 12, 5, 11, 15, 13, 1, 8, 7, 2, 6, 3, 9, 0]",4569.5869
4,0.001,"[0, 2, 1, 5, 13, 12, 15, 11, 14, 9, 4, 10, 8, 6, 7, 3, 0]",3513.6016
4,0.0019,"[0, 5, 6, 7, 11, 9, 13, 14, 4, 10, 2, 1, 8, 15, 12, 3, 0]",3736.1946
4,0.0009,"[0, 11, 1, 8, 10, 14, 4, 9, 12, 5, 7, 2, 13, 3, 15, 6, 0]",4499.7447
4,0.0009,"[0, 1, 3, 15, 6, 7, 11, 2, 8, 10, 12, 4, 5, 14, 13, 9, 0]",4160.7921
4,0.001,"[0, 12, 11, 1, 14, 5, 9, 13, 15, 2, 10, 8, 6, 7, 3, 4, 0]",3540.5055
4,0.0011,"[0, 10, 7, 1, 8, 12, 15, 13, 14, 11, 5, 2, 3, 9, 6, 4, 0]",4944.5506
4,0.0009,"[0, 14, 6, 2, 3, 5, 13, 9, 4, 1, 12, 10, 15, 8, 7, 11, 0]",3383.0219
4,0.0012,"[0, 9, 8, 4, 10, 15, 11, 6, 14, 3, 7, 2, 12, 5, 13, 1, 0]",4128.1217
4,0.0011,"[0, 9, 5, 7, 12, 1, 8, 13, 11, 6, 15, 14, 3, 4, 10, 2, 0]",3344.0271
4,0.0011,"[0, 6, 8, 11, 5, 4, 1, 7, 15, 2, 13, 14, 10, 12, 9, 3, 0]",4569.221
4,0.001,"[0, 12, 4, 2, 3, 8, 7, 5, 1, 11, 9, 14, 15, 13, 6, 10, 0]",4261.0246
4,0.001,"[0, 1, 8, 14, 3, 4, 11, 2, 12, 7, 10, 9, 13, 5, 6, 15, 0]",4118.2844
4,0.0009,"[0, 13, 4, 6, 8, 7, 2, 1, 5, 12, 15, 3, 10, 11, 14, 9, 0]",3718.3674
4,0.0013,"[0, 13, 4, 15, 9, 7, 10, 6, 5, 3, 1, 2, 12, 14, 11, 8, 0]",3859.6472
4,0.0012,"[0, 3, 6, 8, 10, 4, 15, 11, 14, 7, 12, 9, 13, 1, 5, 2, 0]",4143.7392
4,0.0009,"[0, 5, 3, 7, 13, 9, 2, 1, 10, 14, 6, 12, 4, 15, 11, 8, 0]",3729.6016
4,0.0012,"[0, 14, 8, 5, 12, 2, 4, 3, 11, 1, 6, 10, 7, 15, 9, 13, 0]",4586.4133
4,0.001,"[0, 9, 12, 13, 5, 2, 8, 7, 3, 15, 1, 10, 6, 14, 11, 4, 0]",3421.794
4,0.0009,"[0, 12, 7, 15, 4, 11, 14, 10, 13, 6, 9, 5, 1, 8, 2, 3, 0]",4626.5084
4,0.0011,"[0, 12, 15, 4, 1, 14, 3, 9, 2, 5, 7, 6, 8, 13, 10, 11, 0]",3304.0507
4,0.001,"[0, 8, 14, 13, 12, 3, 7, 1, 6, 2, 15, 10, 5, 9, 11, 4, 0]",3901.8739
4,0.0013,"[0, 15, 4, 7, 9, 14, 10, 8, 11, 12, 13, 3, 2, 6, 5, 1, 0]",4753.1672
4,0.0012,"[0, 10, 12, 15, 7, 4, 2, 9, 14, 6, 1, 3, 8, 5, 11, 13, 0]",4759.2179
4,0.0009,"[0, 11, 5, 14, 15, 2, 9, 3, 6, 8, 13, 10, 7, 4, 12, 1, 0]",4726.333
4,0.0009,"[0, 8, 14, 4, 13, 10, 3, 12, 6, 9, 15, 1, 7, 2, 5, 11, 0]",3974.5006
4,0.001,"[0, 12, 6, 15, 8, 13, 7, 14, 11, 10, 9, 1, 5, 3, 4, 2, 0]",4343.0475
4,0.001,"[0, 4, 1, 14, 3, 7, 13, 9, 6, 2, 5, 10, 15, 12, 11, 8, 0]",4168.9548
4,0.0011,"[0, 7, 6, 8, 14, 10, 5, 12, 11, 9, 15, 13, 2, 4, 3, 1, 0]",4674.307
4,0.0009,"[0, 13, 2, 11, 12, 7, 14, 4, 8, 10, 1, 9, 5, 6, 15, 3, 0]",3714.4355
4,0.0011,"[0, 2, 1, 7, 11, 15, 3, 10, 13, 5, 4, 8, 6, 14, 12, 9, 0]",4007.3506
4,0.0009,"[0, 4, 3, 10, 8, 5, 14, 2, 6, 12, 15, 9, 7, 1, 13, 11, 0]",4618.4021
4,0.0009,"[0, 5, 10, 2, 11, 14, 13, 8, 1, 7, 3, 6, 9, 12, 15, 4, 0]",4300.5354
4,0.001,"[0, 8, 12, 1, 5, 10, 14, 7, 4, 11, 3, 9, 13, 2, 15, 6, 0]",4554.7748
4,0.0011,"[0, 6, 8, 1, 10, 7, 2, 14, 9, 15, 11, 5, 13, 4, 3, 12, 0]",4090.2041
4,0.0011,"[0, 8, 10, 14, 4, 9, 13, 5, 2, 11, 15, 12, 3, 6, 1, 7, 0]",3488.8606
4,0.0011,"[0, 14, 2, 8, 4, 5, 15, 12, 10, 6, 3, 1, 7, 9, 13, 11, 0]",4515.9785
4,0.001,"[0, 9, 14, 12, 15, 10, 11, 13, 5, 1, 2, 4, 6, 3, 8, 7, 0]",3597.2342
4,0.001,"[0, 9, 8, 7, 11, 12, 5, 6, 10, 15, 1, 4, 13, 3, 14, 2, 0]",4295.3717
4,0.0012,"[0, 15, 7, 6, 14, 1, 4, 5, 12, 11, 3, 10, 8, 13, 9, 2, 0]",4045.3115
4,0.0009,"[0, 10, 8, 6, 7, 12, 4, 2, 3, 1, 5, 14, 15, 11, 9, 13, 0]",4035.7329
4,0.001,"[0, 2, 15, 11, 6, 9, 12, 5, 8, 4, 13, 14, 10, 7, 1, 3, 0]",3957.6544
4,0.0013,"[0, 10, 9, 8, 2, 1, 6, 5, 7, 12, 13, 4, 14, 11, 15, 3, 0]",4278.1492
4,0.0009,"[0, 6, 2, 14, 4, 5, 13, 9, 3, 1, 7, 15, 11, 8, 12, 10, 0]",3407.7984
4,0.0009,"[0, 7, 4, 12, 6, 9, 15, 1, 2, 10, 11, 14, 8, 13, 3, 5, 0]",4162.1623
4,0.0009,"[0, 14, 10, 4, 9, 5, 7, 1, 2, 8, 11, 3, 12, 6, 13, 15, 0]",3529.954
4,0.001,"[0, 4, 3, 9, 13, 10, 8, 12, 7, 14, 15, 6, 1, 5, 2, 11, 0]",3458.8569
4,0.0009,"[0, 13, 7, 9, 3, 5, 6, 1, 15, 2, 8, 12, 4, 11, 10, 14, 0]",4371.8395
4,0.0012,"[0, 2, 10, 11, 14, 7, 5, 8, 13, 12, 4, 9, 1, 15, 6, 3, 0]",4392.8675
4,0.001,"[0, 15, 4, 1, 8, 9, 10, 11, 2, 14, 13, 5, 12, 6, 7, 3, 0]",3747.7381
4,0.0014,"[0, 6, 1, 4, 3, 14, 13, 10, 9, 8, 7, 2, 5, 12, 15, 11, 0]",3856.9089
4,0.0009,"[0, 11, 1, 10, 7, 5, 13, 2, 8, 15, 6, 12, 4, 14, 9, 3, 0]",3924.3182
4,0.001,"[0, 15, 4, 13, 11, 1, 2, 8, 12, 5, 7, 9, 6, 14, 10, 3, 0]",3670.3606
4,0.001,"[0, 14, 8, 11, 6, 12, 1, 13, 10, 5, 3, 7, 9, 15, 2, 4, 0]",3729.6454
4,0.0011,"[0, 14, 11, 2, 13, 6, 7, 12, 4, 1, 9, 3, 15, 5, 8, 10, 0]",4272.5725
4,0.0011,"[0, 9, 11, 3, 13, 14, 12, 2, 10, 15, 4, 5, 8, 1, 6, 7, 0]",4112.9092
4,0.001,"[0, 8, 3, 11, 2, 10, 1, 6, 4, 7, 14, 15, 12, 9, 5, 13, 0]",3383.5333
4,0.001,"[0, 2, 9, 6, 11, 8, 1, 4, 10, 7, 5, 12, 13, 14, 15, 3, 0]",3673.8059
4,0.0013,"[0, 15, 11, 6, 13, 2, 7, 14, 3, 9, 1, 8, 10, 5, 12, 4, 0]",4093.6991
4,0.001,"[0, 7, 13, 12, 8, 10, 2, 15, 4, 14, 3, 9, 5, 6, 1, 11, 0]",4111.5428
4,0.0009,"[0, 6, 11, 14, 12, 8, 13, 9, 3, 4, 7, 15, 2, 5, 10, 1, 0]",4761.1557
4,0.0014,"[0, 9, 14, 1, 15, 5, 13, 10, 3, 8, 4, 6, 11, 7, 2, 12, 0]",3885.6163
4,0.0011,"[0, 13, 5, 7, 8, 14, 1, 15, 4, 12, 2, 9, 11, 10, 6, 3, 0]",4710.6614
4,0.001,"[0, 5, 12, 11, 10, 15, 9, 14, 8, 6, 13, 3, 4, 1, 2, 7, 0]",4063.7469
4,0.0013,"[0, 5, 15, 9, 3, 13, 6, 1, 4, 2, 10, 14, 8, 7, 12, 11, 0]",4299.4423
4,0.0009,"[0, 13, 6, 15, 14, 12, 9, 4, 3, 11, 7, 1, 10, 5, 2, 8, 0]",4815.9788
4,0.001,"[0, 8, 1, 11, 6, 7, 15, 13, 10, 5, 3, 9, 2, 4, 14, 12, 0]",2819.6988
4,0.0013,"[0, 1, 14, 9, 3, 7, 5, 4, 12, 15, 10, 2, 6, 8, 11, 13, 0]",4380.8816
4,0.001,"[0, 7, 10, 1, 8, 12, 15, 3, 14, 2, 9, 13, 5, 6, 4, 11, 0]",4890.1957
4,0.0009,"[0, 9, 8, 13, 4, 11, 2, 14, 10, 7, 3, 1, 15, 5, 6, 12, 0]",3918.8097
4,0.0012,"[0, 5, 3, 9, 8, 14, 15, 4, 1, 13, 10, 2, 6, 12, 11, 7, 0]",4122.2801
4,0.001,"[0, 6, 14, 12, 9, 4, 15, 8, 2, 5, 10, 11, 7, 13, 3, 1, 0]",4285.7111
4,0.0009,"[0, 5, 9, 15, 14, 6, 1, 12, 7, 8, 13, 3, 10, 2, 11, 4, 0]",3677.7694
4,0.0011,"[0, 8, 11, 7, 2, 12, 14, 15, 3, 13, 4, 5, 1, 10, 6, 9, 0]",4224.7944
4,0.0011,"[0, 3, 13, 2, 11, 9, 5, 1, 4, 10, 12, 8, 14, 7, 15, 6, 0]",3978.4664
4,0.0009,"[0, 8, 14, 4, 11, 9, 10, 2, 5, 15, 13, 12, 1, 3, 7, 6, 0]",3049.7116
4,0.0011,"[0, 11, 8, 4, 15, 9, 10, 5, 2, 14, 6, 7, 1, 3, 12, 13, 0]",3092.6875
4,0.001,"[0, 3, 2, 14, 11, 9, 12, 8, 5, 13, 7, 4, 15, 1, 10, 6, 0]",3879.3124
4,0.001,"[0, 2, 12, 5, 11, 10, 14, 13, 7, 15, 6, 9, 3, 1, 8, 4, 0]",4174.5694
4,0.001,"[0, 6, 1, 7, 8, 2, 3, 5, 10, 14, 13, 15, 4, 9, 12, 11, 0]",3791.4862
4,0.0017,"[0, 2, 10, 11, 7, 8, 13, 14, 6, 15, 1, 4, 3, 12, 9, 5, 0]",4104.1729
4,0.001,"[0, 8, 15, 14, 10, 1, 6, 11, 7, 3, 2, 4, 5, 13, 12, 9, 0]",3212.0998
4,0.0014,"[0, 4, 5, 1, 9, 7, 3, 14, 6, 13, 12, 8, 2, 10, 15, 11, 0]",3848.747
4,0.0009,"[0, 2, 12, 1, 11, 9, 3, 7, 10, 4, 6, 5, 14, 15, 13, 8, 0]",3425.9161
4,0.0009,"[0, 5, 4, 2, 14, 7, 11, 3, 6, 1, 10, 9, 12, 8, 13, 15, 0]",4402.6531
4,0.001,"[0, 14, 10, 6, 8, 3, 15, 13, 1, 7, 12, 11, 5, 2, 4, 9, 0]",4968.6714
4,0.0016,"[0, 5, 7, 9, 8, 4, 11, 15, 10, 14, 1, 3, 6, 2, 12, 13, 0]",4258.8629
4,0.0009,"[0, 15, 4, 6, 2, 11, 7, 9, 14, 10, 5, 1, 13, 12, 3, 8, 0]",4932.8346
4,0.0014,"[0, 8, 15, 12, 7, 2, 5, 3, 6, 11, 13, 14, 1, 10, 9, 4, 0]",3126.6156
4,0.001,"[0, 10, 14, 15, 2, 7, 11, 5, 9, 3, 12, 4, 8, 13, 1, 6, 0]",3548.2183
4,0.001,"[0, 12, 3, 15, 14, 6, 2, 4, 11, 10, 1, 7, 13, 5, 9, 8, 0]",4928.7862
4,0.0012,"[0, 14, 7, 12, 6, 4, 8, 9, 13, 11, 15, 2, 5, 1, 3, 10, 0]",4797.4302
4,0.0012,"[0, 7, 6, 1, 8, 13, 5, 3, 12, 11, 14, 4, 15, 10, 2, 9, 0]",4613.2533
4,0.0009,"[0, 4, 11, 15, 14, 13, 7, 10, 3, 9, 1, 6, 5, 12, 2, 8, 0]",4701.8847
4,0.0014,"[0, 5, 10, 12, 4, 11, 14, 9, 1, 15, 6, 7, 3, 2, 13, 8, 0]",3676.5146
4,0.001,"[0, 14, 2, 3, 12, 5, 8, 9, 11, 10, 1, 13, 7, 6, 4, 15, 0]",4622.6534
4,0.0009,"[0, 7, 3, 13, 4, 14, 12, 8, 1, 2, 6, 9, 5, 10, 11, 15, 0]",3544.9258
4,0.0013,"[0, 14, 2, 6, 10, 1, 12, 8, 5, 9, 4, 13, 11, 3, 7, 15, 0]",4233.067
4,0.0019,"[0, 6, 13, 2, 7, 9, 11, 3, 15, 14, 1, 8, 10, 5, 12, 4, 0]",3209.3782
4,0.0009,"[0, 11, 10, 7, 8, 1, 13, 2, 4, 9, 15, 5, 3, 12, 6, 14, 0]",5431.5333
4,0.001,"[0, 1, 5, 7, 9, 8, 12, 6, 10, 11, 13, 15, 2, 14, 4, 3, 0]",4228.2435
4,0.001,"[0, 2, 13, 10, 3, 6, 1, 9, 11, 12, 5, 4, 7, 14, 8, 15, 0]",4423.3568
4,0.001,"[0, 9, 8, 4, 13, 3, 10, 15, 11, 5, 2, 14, 7, 12, 1, 6, 0]",4436.7502
4,0.0011,"[0, 4, 10, 5, 13, 12, 3, 14, 2, 8, 1, 6, 11, 15, 7, 9, 0]",4158.3854
4,0.0012,"[0, 14, 7, 15, 13, 11, 9, 12, 3, 2, 8, 10, 5, 1, 4, 6, 0]",4961.8136
4,0.001,"[0, 11, 3, 8, 14, 6, 12, 5, 2, 4, 15, 10, 13, 9, 7, 1, 0]",3924.82
4,0.0011,"[0, 6, 14, 11, 9, 4, 8, 15, 1, 3, 12, 5, 7, 10, 13, 2, 0]",4810.7153
4,0.0009,"[0, 5, 12, 14, 1, 9, 3, 11, 6, 7, 8, 10, 4, 2, 13, 15, 0]",4590.4924
4,0.0009,"[0, 5, 9, 15, 2, 6, 11, 12, 4, 8, 13, 3, 10, 1, 14, 7, 0]",4386.2825
4,0.0011,"[0, 12, 3, 6, 7, 9, 13, 11, 8, 4, 14, 15, 5, 2, 10, 1, 0]",3844.6823
4,0.0013,"[0, 2, 5, 13, 4, 15, 11, 9, 7, 6, 14, 1, 10, 3, 8, 12, 0]",5025.8812
4,0.001,"[0, 7, 5, 12, 10, 9, 3, 11, 2, 13, 8, 6, 15, 1, 4, 14, 0]",4791.9422
4,0.001,"[0, 10, 8, 15, 12, 7, 9, 2, 6, 3, 4, 5, 13, 1, 11, 14, 0]",4870.3758
4,0.0009,"[0, 11, 6, 15, 10, 1, 3, 9, 12, 14, 4, 7, 2, 13, 5, 8, 0]",3625.9904
4,0.0011,"[0, 1, 4, 8, 12, 6, 13, 3, 14, 2, 5, 15, 11, 9, 7, 10, 0]",4072.197
4,0.001,"[0, 9, 8, 4, 7, 11, 14, 10, 3, 2, 1, 12, 15, 13, 5, 6, 0]",3862.2398
4,0.0012,"[0, 11, 5, 2, 3, 12, 6, 15, 1, 4, 9, 13, 14, 7, 10, 8, 0]",4035.2336
4,0.0011,"[0, 5, 11, 9, 14, 10, 13, 3, 2, 4, 7, 15, 1, 12, 8, 6, 0]",4419.9375
4,0.0011,"[0, 6, 13, 14, 7, 5, 8, 11, 2, 15, 12, 9, 4, 3, 10, 1, 0]",4065.7508
4,0.001,"[0, 7, 1, 8, 2, 3, 4, 6, 13, 15, 12, 14, 5, 10, 9, 11, 0]",3584.4303
4,0.001,"[0, 4, 6, 12, 3, 15, 5, 7, 8, 10, 1, 9, 2, 13, 11, 14, 0]",3812.5029
4,0.001,"[0, 14, 11, 6, 7, 10, 3, 2, 15, 9, 13, 5, 4, 1, 8, 12, 0]",4021.3496
4,0.0011,"[0, 15, 4, 1, 5, 2, 11, 6, 10, 13, 7, 3, 12, 8, 9, 14, 0]",4508.6168
4,0.0013,"[0, 15, 4, 2, 14, 10, 9, 1, 11, 12, 13, 6, 7, 8, 3, 5, 0]",4333.8884
4,0.001,"[0, 10, 8, 12, 7, 3, 13, 15, 14, 4, 6, 11, 2, 5, 1, 9, 0]",4774.5023
4,0.001,"[0, 8, 10, 3, 14, 2, 1, 12, 7, 11, 15, 6, 9, 13, 4, 5, 0]",4991.8386
4,0.0011,"[0, 12, 11, 1, 13, 9, 4, 10, 8, 14, 15, 6, 3, 5, 7, 2, 0]",3767.9931
4,0.0012,"[0, 6, 8, 12, 2, 5, 13, 4, 9, 10, 15, 1, 14, 11, 3, 7, 0]",4945.4135
4,0.0011,"[0, 1, 11, 3, 5, 2, 9, 12, 8, 13, 7, 4, 14, 15, 6, 10, 0]",5300.8561
4,0.001,"[0, 8, 13, 14, 9, 7, 4, 5, 15, 10, 11, 3, 6, 1, 12, 2, 0]",4451.8232
4,0.0012,"[0, 15, 8, 12, 7, 11, 14, 10, 13, 4, 5, 9, 3, 6, 1, 2, 0]",5001.2027
4,0.002,"[0, 14, 4, 9, 2, 1, 6, 5, 10, 13, 3, 11, 12, 8, 15, 7, 0]",3568.4785
4,0.001,"[0, 12, 11, 9, 3, 10, 5, 1, 14, 8, 6, 15, 4, 13, 7, 2, 0]",4964.3083
4,0.0015,"[0, 4, 11, 1, 14, 9, 15, 8, 5, 3, 2, 12, 10, 7, 6, 13, 0]",5031.1051
4,0.0011,"[0, 4, 10, 1, 5, 14, 3, 11, 2, 8, 13, 15, 9, 12, 6, 7, 0]",3286.4275
4,0.001,"[0, 8, 3, 10, 12, 6, 5, 15, 4, 1, 14, 9, 11, 7, 2, 13, 0]",4815.971
4,0.0012,"[0, 4, 15, 3, 1, 7, 14, 2, 11, 6, 12, 10, 8, 9, 5, 13, 0]",4701.2561
4,0.0009,"[0, 6, 14, 11, 10, 4, 15, 13, 3, 8, 1, 2, 9, 12, 7, 5, 0]",4191.5948
4,0.001,"[0, 11, 14, 8, 1, 13, 6, 3, 10, 5, 12, 4, 9, 2, 7, 15, 0]",4986.5946
4,0.0011,"[0, 6, 9, 13, 7, 2, 14, 12, 3, 11, 5, 1, 4, 10, 8, 15, 0]",3816.9373
4,0.001,"[0, 12, 8, 4, 13, 2, 15, 11, 9, 6, 7, 1, 5, 3, 10, 14, 0]",3726.4842
4,0.0009,"[0, 14, 4, 8, 15, 7, 3, 2, 10, 1, 11, 5, 9, 6, 12, 13, 0]",3702.1192
4,0.0011,"[0, 5, 10, 9, 14, 1, 13, 4, 11, 12, 7, 8, 6, 15, 3, 2, 0]",4185.0419
4,0.001,"[0, 4, 3, 9, 7, 10, 2, 13, 14, 5, 6, 15, 11, 8, 1, 12, 0]",4740.8585
4,0.0009,"[0, 7, 8, 13, 1, 3, 6, 2, 9, 12, 4, 14, 11, 5, 10, 15, 0]",4499.6576
4,0.0009,"[0, 11, 3, 6, 1, 2, 13, 8, 7, 15, 4, 10, 14, 12, 5, 9, 0]",4183.6562
4,0.0016,"[0, 9, 12, 10, 13, 6, 4, 14, 3, 11, 15, 7, 8, 5, 1, 2, 0]",4233.7523
4,0.0009,"[0, 7, 10, 6, 2, 8, 9, 13, 12, 14, 1, 4, 15, 5, 11, 3, 0]",4377.9921
4,0.0009,"[0, 13, 10, 4, 3, 8, 7, 1, 5, 15, 9, 2, 6, 12, 11, 14, 0]",4697.2715
4,0.0011,"[0, 5, 7, 9, 6, 2, 14, 13, 11, 12, 8, 15, 10, 3, 1, 4, 0]",4365.567
4,0.0019,"[0, 13, 3, 1, 5, 2, 14, 4, 11, 6, 15, 12, 8, 9, 7, 10, 0]",4525.7164
4,0.0019,"[0, 12, 5, 6, 8, 15, 3, 14, 9, 10, 4, 2, 11, 1, 7, 13, 0]",4448.3239
4,0.0017,"[0, 8, 3, 15, 4, 6, 10, 2, 9, 7, 14, 1, 12, 13, 11, 5, 0]",4224.0157
4,0.0018,"[0, 3, 12, 13, 9, 15, 1, 5, 4, 7, 6, 11, 2, 14, 10, 8, 0]",4380.4532
4,0.0014,"[0, 1, 12, 6, 3, 14, 11, 8, 13, 15, 2, 9, 5, 10, 7, 4, 0]",4817.2136
4,0.001,"[0, 6, 9, 8, 10, 3, 11, 12, 2, 7, 15, 5, 13, 4, 1, 14, 0]",3679.9613
4,0.0011,"[0, 14, 11, 7, 9, 1, 4, 3, 10, 15, 12, 8, 6, 2, 13, 5, 0]",4387.8282
4,0.001,"[0, 7, 4, 6, 8, 1, 2, 9, 14, 11, 5, 10, 12, 15, 3, 13, 0]",4207.1079
4,0.0011,"[0, 15, 11, 14, 12, 9, 7, 4, 8, 2, 3, 5, 13, 10, 1, 6, 0]",4031.0448
4,0.001,"[0, 5, 11, 4, 15, 12, 2, 14, 1, 8, 6, 10, 7, 13, 9, 3, 0]",4194.3953
4,0.0009,"[0, 13, 1, 2, 14, 6, 11, 5, 4, 7, 10, 12, 8, 15, 9, 3, 0]",5365.0811
4,0.0009,"[0, 11, 10, 1, 13, 2, 3, 9, 14, 15, 8, 6, 12, 7, 5, 4, 0]",4593.7899
4,0.0013,"[0, 11, 4, 14, 8, 15, 2, 9, 5, 3, 10, 7, 6, 12, 1, 13, 0]",3015.9999
4,0.001,"[0, 3, 15, 9, 1, 4, 12, 5, 14, 6, 13, 2, 8, 11, 10, 7, 0]",4525.7565
4,0.0009,"[0, 12, 13, 7, 15, 8, 10, 3, 6, 2, 1, 9, 4, 5, 11, 14, 0]",4762.8927
4,0.001,"[0, 5, 11, 10, 9, 1, 7, 12, 2, 14, 6, 3, 15, 13, 8, 4, 0]",4199.2232
4,0.0011,"[0, 2, 4, 3, 15, 5, 14, 7, 13, 10, 6, 11, 12, 9, 8, 1, 0]",4870.7555
4,0.0009,"[0, 9, 7, 6, 5, 4, 1, 14, 2, 10, 13, 11, 12, 3, 15, 8, 0]",3861.5654
4,0.001,"[0, 15, 6, 4, 11, 2, 7, 5, 14, 13, 3, 9, 8, 1, 12, 10, 0]",4789.9932
4,0.0012,"[0, 6, 3, 1, 8, 12, 9, 7, 5, 4, 15, 11, 10, 2, 13, 14, 0]",4817.7555
4,0.0011,"[0, 3, 8, 5, 11, 6, 10, 7, 13, 1, 14, 9, 4, 12, 15, 2, 0]",3904.3149
4,0.0011,"[0, 5, 15, 6, 1, 14, 3, 13, 12, 11, 4, 8, 9, 2, 7, 10, 0]",4722.5559
4,0.001,"[0, 2, 5, 6, 4, 10, 13, 8, 7, 12, 1, 11, 14, 3, 15, 9, 0]",3931.9514
4,0.001,"[0, 8, 3, 11, 10, 5, 7, 4, 6, 1, 9, 2, 15, 14, 13, 12, 0]",3704.8868
4,0.0011,"[0, 15, 7, 13, 9, 1, 14, 6, 2, 10, 3, 5, 11, 4, 8, 12, 0]",4557.1709
4,0.0011,"[0, 7, 14, 12, 2, 13, 11, 3, 4, 9, 10, 6, 1, 15, 8, 5, 0]",3703.1199
4,0.0012,"[0, 12, 10, 2, 4, 6, 15, 14, 11, 1, 8, 5, 13, 7, 9, 3, 0]",4737.6022
4,0.001,"[0, 3, 2, 8, 7, 14, 11, 10, 12, 4, 15, 6, 1, 9, 13, 5, 0]",4570.6371
4,0.001,"[0, 6, 11, 5, 15, 7, 12, 9, 8, 2, 1, 10, 13, 4, 3, 14, 0]",3532.1159
4,0.0012,"[0, 2, 9, 12, 4, 1, 8, 14, 11, 7, 6, 10, 3, 5, 15, 13, 0]",3908.3484
4,0.001,"[0, 11, 10, 4, 9, 15, 2, 6, 5, 8, 7, 13, 1, 14, 12, 3, 0]",4214.2808
4,0.0011,"[0, 12, 3, 2, 9, 13, 5, 7, 4, 11, 15, 8, 6, 10, 1, 14, 0]",4307.3455
4,0.0011,"[0, 1, 15, 10, 5, 13, 9, 8, 11, 3, 4, 2, 12, 6, 7, 14, 0]",3580.6255
4,0.001,"[0, 3, 15, 8, 7, 4, 12, 5, 1, 9, 6, 13, 14, 10, 11, 2, 0]",4956.1159
4,0.0009,"[0, 10, 1, 11, 3, 8, 12, 4, 9, 14, 2, 7, 15, 6, 5, 13, 0]",4464.7689
4,0.0011,"[0, 6, 7, 5, 13, 11, 3, 10, 12, 4, 1, 9, 2, 8, 14, 15, 0]",5062.9611
4,0.0011,"[0, 3, 15, 5, 2, 4, 11, 12, 13, 1, 7, 10, 14, 6, 8, 9, 0]",4015.1669
4,0.0012,"[0, 11, 8, 15, 4, 12, 2, 7, 3, 10, 13, 6, 5, 9, 1, 14, 0]",5004.2573
4,0.001,"[0, 3, 11, 1, 6, 13, 14, 7, 2, 8, 9, 5, 12, 15, 10, 4, 0]",4460.4801
4,0.001,"[0, 4, 7, 1, 9, 5, 6, 11, 3, 13, 15, 14, 12, 8, 2, 10, 0]",4270.6456
4,0.001,"[0, 5, 1, 13, 8, 9, 6, 2, 4, 12, 10, 14, 11, 3, 15, 7, 0]",3527.2263
4,0.001,"[0, 13, 15, 8, 6, 9, 14, 5, 7, 3, 1, 4, 11, 10, 12, 2, 0]",3920.5248
4,0.001,"[0, 14, 6, 7, 10, 11, 12, 4, 2, 13, 3, 5, 15, 8, 1, 9, 0]",4230.2023
4,0.0013,"[0, 5, 10, 14, 12, 7, 13, 1, 4, 15, 3, 11, 6, 2, 8, 9, 0]",3431.5379
4,0.0014,"[0, 6, 1, 14, 9, 12, 8, 7, 13, 10, 2, 11, 3, 15, 5, 4, 0]",4597.3632
4,0.001,"[0, 9, 1, 13, 10, 12, 15, 2, 4, 7, 3, 6, 14, 8, 5, 11, 0]",4317.0698
4,0.001,"[0, 2, 5, 10, 15, 9, 12, 4, 3, 13, 11, 8, 7, 1, 6, 14, 0]",4675.0547
4,0.001,"[0, 2, 5, 6, 7, 3, 13, 15, 8, 14, 9, 4, 10, 11, 1, 12, 0]",4625.5425
4,0.001,"[0, 11, 10, 13, 12, 6, 8, 1, 3, 15, 4, 9, 7, 2, 5, 14, 0]",4157.7808
4,0.0017,"[0, 3, 6, 9, 8, 2, 5, 1, 4, 7, 11, 14, 15, 12, 13, 10, 0]",4164.219
4,0.0009,"[0, 11, 9, 14, 1, 8, 3, 7, 5, 15, 6, 10, 2, 12, 13, 4, 0]",3849.9316
4,0.0009,"[0, 3, 13, 1, 10, 9, 12, 14, 4, 6, 5, 11, 7, 15, 8, 2, 0]",4494.1298
4,0.0011,"[0, 11, 3, 13, 4, 1, 12, 2, 15, 5, 10, 9, 14, 7, 6, 8, 0]",4763.4989
4,0.001,"[0, 3, 13, 10, 11, 7, 12, 1, 9, 2, 14, 5, 8, 6, 15, 4, 0]",3694.4945
4,0.0009,"[0, 14, 9, 13, 1, 4, 3, 12, 7, 8, 5, 10, 6, 11, 2, 15, 0]",4959.0965
4,0.0011,"[0, 13, 7, 2, 8, 9, 10, 5, 6, 11, 12, 3, 4, 15, 1, 14, 0]",3881.0237
4,0.0011,"[0, 2, 9, 10, 3, 6, 15, 12, 4, 14, 7, 11, 1, 5, 8, 13, 0]",4500.454
4,0.001,"[0, 8, 12, 4, 10, 5, 15, 1, 14, 11, 9, 13, 7, 2, 6, 3, 0]",4427.5017
4,0.001,"[0, 4, 13, 8, 15, 12, 5, 3, 9, 1, 7, 14, 2, 11, 10, 6, 0]",3268.1321
4,0.001,"[0, 1, 7, 8, 14, 4, 15, 13, 3, 9, 11, 5, 6, 10, 12, 2, 0]",3581.6332
4,0.001,"[0, 8, 4, 14, 7, 15, 13, 6, 12, 5, 2, 1, 3, 9, 11, 10, 0]",3854.3406
4,0.0009,"[0, 2, 7, 6, 11, 12, 8, 4, 15, 9, 13, 14, 10, 3, 5, 1, 0]",4009.9981
4,0.0012,"[0, 12, 10, 9, 11, 15, 8, 3, 5, 14, 4, 7, 1, 2, 13, 6, 0]",3340.6018
4,0.0009,"[0, 11, 14, 4, 8, 12, 13, 3, 2, 7, 10, 15, 1, 9, 5, 6, 0]",3687.6085
4,0.001,"[0, 6, 12, 7, 1, 14, 8, 3, 5, 2, 13, 15, 4, 9, 10, 11, 0]",4800.2176
4,0.001,"[0, 15, 1, 7, 4, 5, 10, 2, 14, 12, 9, 8, 6, 11, 13, 3, 0]",4591.9001
4,0.0009,"[0, 11, 10, 13, 5, 3, 1, 4, 9, 8, 14, 12, 15, 2, 6, 7, 0]",4811.0116
4,0.0009,"[0, 13, 2, 8, 1, 9, 3, 12, 11, 10, 7, 4, 5, 6, 15, 14, 0]",4303.9981
4,0.0021,"[0, 2, 4, 6, 13, 14, 7, 15, 5, 11, 3, 10, 12, 8, 1, 9, 0]",5240.765
4,0.0018,"[0, 8, 10, 12, 2, 1, 6, 5, 13, 3, 9, 4, 15, 7, 11, 14, 0]",4222.5914
4,0.0014,"[0, 3, 15, 11, 4, 6, 14, 7, 8, 1, 10, 5, 13, 9, 12, 2, 0]",3778.0338
4,0.0011,"[0, 3, 1, 13, 2, 4, 7, 9, 12, 6, 10, 8, 5, 14, 11, 15, 0]",4335.856
4,0.0016,"[0, 1, 12, 8, 9, 4, 10, 6, 14, 15, 7, 13, 2, 11, 5, 3, 0]",4265.3387
4,0.002,"[0, 1, 7, 15, 6, 13, 12, 11, 3, 9, 5, 10, 8, 2, 4, 14, 0]",4360.1219
4,0.0011,"[0, 5, 2, 13, 8, 12, 4, 14, 7, 15, 10, 1, 6, 9, 3, 11, 0]",4516.3153
4,0.001,"[0, 9, 15, 11, 3, 7, 12, 4, 10, 6, 8, 2, 1, 5, 13, 14, 0]",3757.606
4,0.0013,"[0, 10, 4, 3, 9, 6, 15, 8, 11, 5, 14, 7, 13, 1, 12, 2, 0]",4112.3131
4,0.0016,"[0, 14, 2, 9, 11, 10, 6, 7, 12, 15, 4, 3, 1, 13, 8, 5, 0]",4125.0346
4,0.0018,"[0, 5, 7, 3, 9, 6, 11, 2, 12, 14, 8, 4, 1, 13, 10, 15, 0]",4138.8165
4,0.0021,"[0, 7, 9, 13, 8, 1, 10, 3, 4, 5, 2, 14, 11, 6, 15, 12, 0]",4345.0655
4,0.0014,"[0, 3, 13, 8, 15, 4, 9, 10, 5, 14, 12, 11, 1, 2, 6, 7, 0]",4373.6296
4,0.0013,"[0, 4, 5, 7, 8, 13, 9, 15, 10, 2, 3, 11, 6, 14, 1, 12, 0]",4237.3123
4,0.0018,"[0, 7, 10, 8, 11, 6, 1, 15, 9, 5, 14, 12, 13, 2, 3, 4, 0]",4153.7821
4,0.0013,"[0, 6, 14, 4, 8, 2, 10, 3, 7, 11, 12, 1, 13, 15, 9, 5, 0]",4024.2883
4,0.0012,"[0, 3, 12, 10, 2, 5, 11, 9, 8, 14, 4, 15, 1, 13, 7, 6, 0]",4022.8515
4,0.002,"[0, 5, 10, 12, 15, 7, 8, 13, 1, 9, 14, 3, 6, 11, 4, 2, 0]",3773.1521
4,0.0017,"[0, 1, 15, 10, 6, 7, 8, 5, 11, 2, 12, 9, 3, 14, 13, 4, 0]",4091.9217
4,0.0011,"[0, 1, 10, 11, 5, 14, 7, 3, 12, 6, 13, 4, 8, 9, 2, 15, 0]",4603.6527
4,0.0019,"[0, 1, 10, 14, 12, 3, 2, 13, 9, 7, 4, 8, 11, 6, 15, 5, 0]",4595.0931
4,0.0017,"[0, 8, 10, 3, 4, 15, 6, 14, 9, 11, 1, 12, 13, 7, 2, 5, 0]",4275.4332
4,0.0015,"[0, 4, 6, 5, 9, 15, 13, 14, 8, 7, 3, 2, 10, 12, 11, 1, 0]",3865.9114
4,0.0011,"[0, 3, 15, 13, 2, 11, 9, 7, 14, 10, 5, 8, 4, 6, 12, 1, 0]",3652.4616
4,0.0028,"[0, 7, 11, 8, 12, 9, 4, 3, 14, 10, 15, 5, 13, 1, 6, 2, 0]",3894.0292
4,0.0017,"[0, 13, 15, 10, 8, 12, 9, 14, 11, 5, 7, 3, 2, 6, 4, 1, 0]",4375.089
4,0.002,"[0, 15, 1, 2, 7, 9, 13, 14, 10, 12, 11, 3, 5, 6, 4, 8, 0]",3772.362
4,0.0017,"[0, 10, 3, 1, 14, 12, 8, 2, 13, 11, 15, 9, 4, 5, 7, 6, 0]",4453.0236
4,0.0018,"[0, 13, 5, 7, 14, 2, 8, 15, 9, 6, 4, 10, 3, 12, 1, 11, 0]",4035.7568
4,0.0012,"[0, 6, 8, 11, 4, 5, 9, 12, 7, 13, 1, 3, 14, 15, 10, 2, 0]",4301.1608
4,0.0017,"[0, 1, 9, 15, 11, 5, 10, 4, 6, 12, 14, 3, 8, 2, 7, 13, 0]",4063.1434
4,0.0012,"[0, 8, 1, 2, 5, 7, 13, 9, 6, 15, 4, 10, 14, 11, 3, 12, 0]",3535.4876
4,0.0016,"[0, 10, 2, 13, 12, 1, 6, 4, 11, 14, 5, 3, 9, 8, 7, 15, 0]",4586.5017
4,0.0016,"[0, 9, 10, 3, 12, 1, 4, 14, 15, 11, 7, 5, 2, 13, 6, 8, 0]",3531.2709
4,0.0019,"[0, 3, 5, 6, 10, 1, 8, 14, 2, 7, 11, 4, 13, 15, 9, 12, 0]",4686.4416
4,0.0014,"[0, 11, 2, 5, 13, 4, 6, 1, 9, 3, 12, 7, 15, 10, 8, 14, 0]",4292.3455
4,0.0017,"[0, 15, 12, 4, 3, 14, 13, 11, 9, 8, 1, 2, 6, 5, 7, 10, 0]",4118.9418
4,0.001,"[0, 12, 6, 13, 1, 9, 14, 10, 4, 8, 5, 7, 11, 3, 2, 15, 0]",4350.1609
4,0.0011,"[0, 15, 4, 1, 14, 11, 10, 5, 6, 7, 9, 8, 12, 3, 2, 13, 0]",4734.8798
4,0.0013,"[0, 11, 8, 5, 2, 1, 3, 14, 7, 10, 12, 15, 9, 13, 4, 6, 0]",4462.3736
4,0.0017,"[0, 8, 6, 15, 10, 7, 13, 9, 2, 5, 12, 1, 3, 4, 14, 11, 0]",4403.5331
4,0.0018,"[0, 11, 7, 5, 12, 14, 6, 10, 4, 13, 1, 15, 3, 2, 9, 8, 0]",4693.9316
4,0.001,"[0, 15, 3, 14, 10, 4, 13, 6, 11, 9, 12, 8, 5, 7, 1, 2, 0]",4602.1488
4,0.0011,"[0, 15, 11, 14, 7, 6, 5, 3, 2, 13, 10, 1, 12, 8, 4, 9, 0]",4000.5707
4,0.0017,"[0, 13, 11, 3, 15, 2, 14, 8, 4, 1, 6, 5, 12, 9, 10, 7, 0]",4430.4213
4,0.0011,"[0, 9, 13, 11, 7, 8, 1, 6, 5, 3, 2, 15, 10, 12, 14, 4, 0]",3887.796
4,0.0013,"[0, 1, 12, 6, 5, 7, 8, 15, 14, 2, 4, 13, 3, 9, 11, 10, 0]",3493.2137
4,0.001,"[0, 6, 15, 1, 9, 14, 12, 3, 8, 13, 11, 2, 7, 4, 10, 5, 0]",2809.8238
4,0.001,"[0, 14, 7, 6, 2, 10, 3, 15, 9, 13, 5, 1, 11, 12, 8, 4, 0]",4482.8697
4,0.0013,"[0, 10, 4, 1, 6, 2, 8, 15, 5, 7, 9, 3, 14, 12, 13, 11, 0]",4278.5755
4,0.001,"[0, 10, 9, 8, 12, 15, 6, 4, 14, 5, 13, 2, 11, 3, 7, 1, 0]",3705.7622
4,0.0012,"[0, 4, 9, 8, 3, 14, 2, 5, 6, 15, 12, 10, 11, 7, 1, 13, 0]",4130.8977
4,0.0012,"[0, 14, 4, 1, 2, 7, 9, 12, 11, 15, 8, 5, 3, 6, 13, 10, 0]",3451.0614
4,0.0009,"[0, 8, 11, 1, 10, 14, 5, 12, 3, 13, 2, 6, 7, 15, 4, 9, 0]",5602.1742
4,0.0013,"[0, 2, 9, 4, 8, 7, 5, 15, 12, 1, 11, 13, 14, 3, 10, 6, 0]",4311.5947
4,0.0011,"[0, 14, 2, 7, 10, 6, 12, 3, 1, 15, 8, 13, 4, 11, 9, 5, 0]",4131.6494
4,0.0019,"[0, 13, 4, 10, 9, 2, 6, 7, 11, 5, 3, 15, 12, 14, 1, 8, 0]",4315.9662
4,0.001,"[0, 14, 10, 3, 11, 2, 9, 13, 1, 8, 5, 7, 6, 4, 12, 15, 0]",3689.4282
4,0.0014,"[0, 5, 1, 8, 13, 6, 14, 9, 10, 15, 4, 2, 11, 7, 12, 3, 0]",4083.3022
4,0.0013,"[0, 15, 11, 8, 1, 4, 2, 5, 3, 14, 6, 7, 12, 9, 13, 10, 0]",4654.8722
4,0.0017,"[0, 1, 6, 7, 8, 13, 10, 11, 4, 15, 12, 5, 9, 14, 2, 3, 0]",3654.5111
4,0.0009,"[0, 4, 3, 10, 13, 15, 1, 11, 9, 14, 2, 5, 8, 6, 7, 12, 0]",4085.751
4,0.0009,"[0, 7, 13, 14, 15, 4, 5, 11, 8, 12, 9, 2, 6, 3, 1, 10, 0]",4488.6207
4,0.0009,"[0, 9, 12, 2, 4, 8, 10, 14, 7, 15, 5, 3, 13, 11, 1, 6, 0]",4932.7496
4,0.0012,"[0, 13, 15, 8, 1, 9, 3, 11, 5, 10, 7, 4, 14, 12, 6, 2, 0]",4619.0716
4,0.001,"[0, 9, 11, 1, 12, 10, 3, 2, 8, 7, 13, 4, 6, 14, 15, 5, 0]",3693.8286
4,0.001,"[0, 9, 6, 15, 8, 11, 10, 2, 5, 13, 7, 4, 12, 14, 1, 3, 0]",4109.8079
4,0.0011,"[0, 14, 13, 8, 5, 2, 11, 4, 1, 12, 9, 6, 15, 3, 10, 7, 0]",4813.4005
4,0.0018,"[0, 10, 4, 14, 9, 13, 15, 1, 12, 11, 7, 3, 8, 2, 5, 6, 0]",3782.4827
4,0.0013,"[0, 4, 15, 9, 14, 13, 5, 11, 6, 8, 12, 1, 7, 2, 3, 10, 0]",3555.4663
4,0.001,"[0, 14, 11, 10, 15, 4, 7, 3, 13, 12, 6, 8, 2, 9, 5, 1, 0]",4475.7535
4,0.001,"[0, 13, 9, 14, 2, 12, 3, 15, 5, 7, 8, 6, 10, 1, 4, 11, 0]",4420.3599
4,0.0014,"[0, 5, 6, 14, 15, 13, 11, 12, 4, 9, 1, 7, 8, 10, 3, 2, 0]",4593.4636
4,0.0009,"[0, 6, 15, 1, 7, 8, 11, 14, 5, 4, 9, 2, 3, 13, 10, 12, 0]",3548.7051
4,0.0009,"[0, 1, 7, 2, 11, 5, 14, 4, 9, 15, 12, 8, 3, 6, 13, 10, 0]",4762.9977
4,0.0012,"[0, 15, 5, 9, 10, 1, 12, 13, 2, 3, 14, 8, 7, 11, 6, 4, 0]",3600.0432
4,0.0017,"[0, 11, 2, 1, 8, 10, 15, 13, 6, 5, 4, 3, 7, 12, 14, 9, 0]",3993.0217
4,0.0016,"[0, 7, 4, 12, 6, 8, 11, 10, 14, 5, 1, 2, 15, 13, 9, 3, 0]",4640.1351
4,0.0014,"[0, 2, 6, 7, 13, 3, 9, 4, 15, 14, 8, 11, 1, 5, 12, 10, 0]",3896.6301
4,0.0015,"[0, 13, 3, 8, 5, 11, 9, 15, 2, 7, 6, 12, 14, 4, 10, 1, 0]",4677.1672
4,0.0014,"[0, 10, 8, 1, 6, 15, 2, 5, 12, 4, 13, 11, 9, 7, 14, 3, 0]",3336.0751
4,0.0015,"[0, 6, 10, 9, 5, 1, 15, 2, 4, 11, 14, 8, 12, 3, 13, 7, 0]",5165.1312
4,0.0018,"[0, 5, 4, 6, 7, 3, 15, 14, 9, 1, 12, 13, 2, 8, 10, 11, 0]",4695.9062
4,0.0019,"[0, 4, 1, 10, 7, 15, 12, 5, 3, 6, 2, 13, 14, 8, 9, 11, 0]",5016.3627
4,0.0021,"[0, 14, 11, 1, 5, 10, 9, 15, 6, 7, 8, 4, 12, 3, 2, 13, 0]",3781.2038
4,0.0018,"[0, 12, 13, 9, 6, 8, 2, 1, 14, 7, 5, 3, 15, 11, 10, 4, 0]",4465.5653
4,0.002,"[0, 1, 7, 2, 14, 10, 11, 6, 5, 8, 13, 3, 12, 4, 9, 15, 0]",5330.792
4,0.002,"[0, 14, 7, 2, 5, 8, 11, 1, 9, 12, 10, 3, 6, 13, 4, 15, 0]",3990.6429
4,0.0022,"[0, 4, 14, 2, 13, 15, 6, 8, 12, 5, 9, 10, 1, 11, 3, 7, 0]",4346.1993
4,0.002,"[0, 2, 9, 15, 10, 11, 5, 3, 1, 13, 14, 4, 8, 6, 7, 12, 0]",5219.0128
4,0.002,"[0, 8, 3, 11, 1, 4, 14, 12, 2, 15, 5, 10, 7, 6, 9, 13, 0]",3807.0624
4,0.0021,"[0, 10, 2, 11, 6, 9, 14, 15, 3, 5, 4, 12, 7, 1, 13, 8, 0]",4438.7781
4,0.0023,"[0, 10, 8, 6, 2, 9, 12, 11, 5, 4, 7, 13, 14, 1, 15, 3, 0]",3599.2975
4,0.0021,"[0, 12, 9, 11, 3, 4, 13, 6, 7, 8, 15, 10, 14, 5, 1, 2, 0]",4436.3872
4,0.0023,"[0, 1, 9, 15, 11, 13, 12, 4, 7, 2, 14, 5, 3, 8, 6, 10, 0]",4231.73
4,0.002,"[0, 15, 4, 10, 12, 13, 14, 9, 7, 2, 6, 1, 11, 8, 5, 3, 0]",4195.1946
4,0.0022,"[0, 2, 15, 1, 9, 14, 6, 4, 11, 5, 12, 3, 8, 13, 10, 7, 0]",4862.5591
4,0.002,"[0, 11, 8, 1, 6, 12, 2, 3, 4, 13, 10, 9, 15, 14, 7, 5, 0]",4220.6651
4,0.0021,"[0, 3, 6, 2, 11, 9, 5, 10, 15, 1, 14, 13, 12, 7, 4, 8, 0]",3927.0568
4,0.002,"[0, 14, 15, 11, 13, 7, 6, 9, 5, 3, 8, 10, 2, 12, 4, 1, 0]",4703.1059
4,0.0018,"[0, 15, 14, 10, 9, 5, 12, 6, 8, 13, 3, 7, 4, 1, 11, 2, 0]",4489.5307
4,0.0011,"[0, 9, 1, 12, 2, 10, 8, 3, 5, 14, 15, 7, 11, 6, 4, 13, 0]",3335.2476
4,0.001,"[0, 5, 10, 6, 14, 1, 8, 12, 15, 13, 4, 11, 7, 2, 9, 3, 0]",3667.0802
4,0.001,"[0, 7, 13, 1, 11, 8, 3, 10, 12, 4, 5, 9, 15, 14, 6, 2, 0]",3462.4683
4,0.0014,"[0, 14, 10, 11, 2, 9, 8, 4, 6, 3, 13, 15, 5, 1, 7, 12, 0]",3905.7013
4,0.0011,"[0, 9, 4, 11, 2, 1, 14, 6, 12, 5, 3, 8, 7, 10, 13, 15, 0]",5630.4563
4,0.001,"[0, 6, 10, 7, 2, 5, 11, 15, 4, 1, 9, 3, 13, 12, 8, 14, 0]",3491.1662
4,0.0015,"[0, 2, 7, 6, 3, 15, 12, 4, 14, 8, 10, 5, 1, 9, 11, 13, 0]",4653.1771
4,0.0013,"[0, 1, 10, 5, 9, 11, 12, 7, 6, 15, 8, 14, 2, 4, 13, 3, 0]",4072.0861
4,0.0011,"[0, 12, 11, 10, 6, 14, 15, 7, 13, 2, 3, 8, 4, 9, 1, 5, 0]",3526.6636
4,0.0014,"[0, 1, 11, 4, 8, 5, 12, 6, 14, 7, 10, 15, 9, 2, 3, 13, 0]",3933.5635
4,0.0009,"[0, 8, 7, 6, 13, 9, 11, 3, 4, 14, 15, 5, 10, 2, 12, 1, 0]",4945.7022
4,0.0015,"[0, 15, 1, 3, 5, 7, 10, 11, 12, 13, 8, 6, 2, 4, 14, 9, 0]",4863.596
4,0.0011,"[0, 2, 12, 8, 7, 11, 4, 1, 15, 9, 13, 3, 14, 6, 10, 5, 0]",4500.1981
4,0.001,"[0, 2, 12, 11, 3, 14, 5, 8, 10, 6, 15, 7, 13, 1, 4, 9, 0]",3589.8185
4,0.0013,"[0, 15, 5, 8, 11, 10, 1, 2, 3, 9, 14, 13, 7, 6, 12, 4, 0]",4718.1695
4,0.0013,"[0, 2, 15, 3, 12, 7, 8, 4, 6, 9, 11, 14, 5, 13, 1, 10, 0]",4095.8546
4,0.0009,"[0, 15, 8, 5, 12, 9, 6, 13, 14, 4, 1, 10, 3, 11, 2, 7, 0]",4541.6987
4,0.0017,"[0, 14, 9, 4, 15, 10, 5, 13, 2, 7, 11, 1, 8, 6, 3, 12, 0]",5091.7151
4,0.0017,"[0, 10, 1, 13, 9, 8, 5, 2, 15, 7, 4, 12, 6, 11, 3, 14, 0]",3921.1656
4,0.0019,"[0, 13, 3, 12, 1, 7, 10, 5, 6, 14, 8, 15, 4, 2, 11, 9, 0]",5018.0625
4,0.0012,"[0, 11, 4, 10, 3, 2, 13, 7, 5, 15, 12, 14, 8, 1, 9, 6, 0]",3326.7081
4,0.001,"[0, 10, 14, 3, 12, 4, 13, 1, 8, 7, 5, 15, 2, 6, 9, 11, 0]",4444.6857
4,0.0015,"[0, 15, 7, 12, 13, 5, 8, 14, 2, 6, 1, 4, 3, 10, 9, 11, 0]",4294.6435
4,0.001,"[0, 5, 6, 3, 11, 13, 15, 10, 8, 2, 14, 12, 7, 1, 9, 4, 0]",4073.6724
4,0.0013,"[0, 6, 12, 4, 3, 15, 11, 10, 5, 1, 7, 13, 14, 9, 2, 8, 0]",3486.3542
4,0.001,"[0, 5, 8, 3, 9, 10, 4, 7, 11, 1, 2, 12, 15, 6, 13, 14, 0]",4002.0071
4,0.0009,"[0, 2, 10, 15, 5, 3, 4, 14, 12, 9, 7, 1, 8, 11, 6, 13, 0]",4041.0973
4,0.0014,"[0, 1, 3, 15, 10, 14, 13, 12, 5, 8, 11, 9, 2, 6, 4, 7, 0]",4930.158
4,0.0017,"[0, 3, 5, 10, 13, 1, 11, 15, 6, 2, 4, 9, 8, 14, 12, 7, 0]",3335.4848
4,0.001,"[0, 11, 14, 5, 2, 6, 12, 13, 15, 8, 3, 10, 4, 1, 9, 7, 0]",4008.0509
4,0.001,"[0, 8, 9, 1, 13, 6, 2, 10, 4, 14, 3, 15, 7, 11, 5, 12, 0]",4136.3575
4,0.0011,"[0, 10, 14, 11, 12, 1, 7, 6, 2, 9, 15, 3, 8, 4, 13, 5, 0]",3795.0134
4,0.0009,"[0, 14, 12, 15, 9, 7, 11, 5, 3, 8, 1, 4, 2, 6, 10, 13, 0]",3969.6349
4,0.0011,"[0, 1, 4, 13, 5, 6, 10, 3, 2, 11, 7, 12, 14, 15, 8, 9, 0]",3671.0503
4,0.0016,"[0, 5, 14, 4, 15, 6, 1, 7, 9, 12, 10, 3, 2, 13, 11, 8, 0]",3454.5887
4,0.0011,"[0, 6, 3, 4, 15, 11, 9, 2, 1, 12, 10, 8, 7, 13, 5, 14, 0]",4138.0684
4,0.001,"[0, 3, 10, 13, 5, 12, 8, 1, 6, 14, 4, 2, 15, 9, 7, 11, 0]",4062.4065
4,0.0009,"[0, 1, 5, 6, 8, 12, 14, 10, 7, 2, 11, 15, 4, 9, 3, 13, 0]",3841.8868
4,0.0011,"[0, 1, 3, 14, 7, 5, 11, 8, 10, 9, 15, 13, 4, 12, 2, 6, 0]",3456.4612
4,0.0011,"[0, 8, 2, 1, 5, 6, 3, 10, 15, 9, 12, 11, 7, 14, 4, 13, 0]",3911.7769
4,0.001,"[0, 14, 7, 2, 13, 4, 3, 9, 11, 12, 8, 5, 15, 6, 1, 10, 0]",4535.1933
4,0.0013,"[0, 13, 4, 7, 12, 15, 5, 8, 3, 9, 1, 14, 10, 6, 11, 2, 0]",4155.6248
4,0.001,"[0, 5, 7, 8, 1, 11, 13, 12, 9, 10, 14, 4, 6, 15, 2, 3, 0]",4566.8713
4,0.001,"[0, 11, 13, 4, 15, 9, 7, 10, 14, 12, 6, 1, 8, 3, 2, 5, 0]",3618.2594
4,0.0012,"[0, 9, 15, 14, 5, 1, 8, 2, 11, 10, 4, 7, 3, 12, 6, 13, 0]",4195.8409
4,0.001,"[0, 6, 10, 13, 1, 4, 3, 11, 12, 15, 2, 9, 5, 14, 7, 8, 0]",4237.6249
4,0.001,"[0, 11, 2, 14, 4, 10, 1, 6, 13, 12, 15, 3, 7, 5, 9, 8, 0]",3904.8375
4,0.0012,"[0, 5, 13, 1, 7, 3, 4, 2, 9, 15, 6, 12, 10, 8, 11, 14, 0]",3932.7048
4,0.001,"[0, 15, 3, 4, 6, 1, 9, 12, 11, 13, 10, 5, 7, 8, 14, 2, 0]",4598.1692
4,0.0009,"[0, 14, 4, 11, 6, 13, 9, 7, 5, 2, 3, 15, 12, 1, 8, 10, 0]",4475.2327
4,0.0012,"[0, 5, 12, 1, 10, 9, 3, 13, 11, 2, 8, 4, 6, 7, 15, 14, 0]",4218.9067
4,0.0011,"[0, 12, 15, 10, 3, 1, 13, 14, 4, 9, 11, 5, 6, 7, 2, 8, 0]",4002.7975
4,0.0016,"[0, 9, 6, 12, 14, 4, 15, 2, 8, 7, 13, 5, 11, 1, 3, 10, 0]",3685.9117
4,0.001,"[0, 6, 15, 5, 2, 8, 11, 14, 12, 13, 7, 4, 3, 9, 10, 1, 0]",4717.7543
4,0.001,"[0, 9, 6, 13, 10, 11, 15, 5, 14, 7, 1, 2, 4, 12, 8, 3, 0]",4671.8408
4,0.0011,"[0, 1, 10, 13, 4, 8, 6, 9, 12, 2, 15, 3, 5, 14, 7, 11, 0]",3849.3096
4,0.001,"[0, 5, 1, 14, 13, 2, 8, 7, 4, 15, 12, 3, 10, 11, 6, 9, 0]",4462.6329
4,0.001,"[0, 1, 7, 9, 13, 4, 5, 15, 3, 6, 2, 8, 11, 12, 10, 14, 0]",4840.7218
4,0.0015,"[0, 13, 12, 1, 15, 9, 14, 2, 4, 10, 5, 8, 6, 3, 11, 7, 0]",4379.6133
4,0.0011,"[0, 9, 6, 8, 1, 10, 7, 4, 15, 11, 14, 3, 5, 2, 13, 12, 0]",4860.9872
4,0.0009,"[0, 1, 14, 7, 5, 2, 4, 13, 8, 6, 11, 12, 10, 3, 15, 9, 0]",4213.0874
4,0.001,"[0, 15, 7, 9, 8, 4, 13, 2, 3, 10, 1, 6, 11, 14, 5, 12, 0]",3779.9505
4,0.001,"[0, 12, 3, 2, 9, 5, 6, 8, 14, 4, 13, 15, 7, 11, 1, 10, 0]",3671.1275
4,0.0011,"[0, 12, 8, 1, 4, 11, 5, 6, 7, 2, 13, 15, 14, 9, 10, 3, 0]",3875.7176
4,0.0016,"[0, 3, 11, 15, 1, 13, 14, 5, 9, 6, 4, 2, 7, 10, 8, 12, 0]",3799.2722
4,0.001,"[0, 13, 2, 9, 11, 15, 1, 10, 7, 6, 8, 3, 14, 4, 5, 12, 0]",4363.4625
4,0.001,"[0, 2, 10, 4, 3, 15, 8, 1, 12, 5, 11, 6, 7, 13, 9, 14, 0]",4863.0749
4,0.0018,"[0, 5, 12, 1, 11, 8, 4, 6, 10, 9, 14, 13, 15, 3, 7, 2, 0]",4286.9321
4,0.0009,"[0, 7, 12, 10, 13, 1, 15, 4, 8, 11, 9, 3, 14, 2, 6, 5, 0]",3403.867
4,0.0015,"[0, 1, 15, 14, 13, 10, 6, 3, 4, 12, 8, 7, 5, 9, 11, 2, 0]",4606.5414
4,0.001,"[0, 11, 13, 8, 6, 4, 5, 7, 3, 2, 10, 9, 14, 1, 15, 12, 0]",3016.7874
4,0.001,"[0, 3, 5, 10, 2, 4, 15, 13, 9, 11, 6, 14, 1, 8, 7, 12, 0]",3770.5694
4,0.001,"[0, 3, 2, 7, 4, 10, 8, 1, 6, 9, 5, 13, 15, 12, 11, 14, 0]",3999.7106
4,0.001,"[0, 10, 1, 6, 8, 15, 7, 3, 14, 11, 9, 5, 2, 4, 13, 12, 0]",4695.018
4,0.0009,"[0, 10, 11, 4, 14, 5, 6, 8, 9, 3, 7, 15, 12, 2, 1, 13, 0]",4121.9222
4,0.0014,"[0, 12, 4, 1, 7, 5, 10, 14, 8, 6, 11, 2, 15, 3, 9, 13, 0]",4608.55
4,0.001,"[0, 12, 1, 10, 4, 9, 6, 13, 15, 7, 11, 5, 8, 14, 2, 3, 0]",4522.8682
4,0.0009,"[0, 5, 2, 10, 11, 8, 14, 15, 6, 7, 13, 1, 9, 4, 3, 12, 0]",4224.6098
4,0.001,"[0, 1, 14, 15, 7, 6, 4, 8, 2, 13, 11, 5, 12, 9, 3, 10, 0]",4015.7268
4,0.0011,"[0, 5, 2, 10, 15, 8, 4, 12, 6, 1, 7, 13, 3, 9, 14, 11, 0]",3798.8955
4,0.0009,"[0, 5, 8, 4, 3, 14, 9, 10, 13, 7, 1, 12, 2, 15, 6, 11, 0]",4555.0025
4,0.001,"[0, 4, 9, 8, 12, 14, 5, 7, 13, 15, 2, 3, 6, 11, 1, 10, 0]",4122.0568
4,0.001,"[0, 3, 4, 5, 11, 15, 6, 7, 13, 14, 8, 12, 1, 9, 10, 2, 0]",3604.5013
4,0.0011,"[0, 5, 12, 2, 3, 8, 13, 1, 15, 14, 10, 9, 11, 4, 7, 6, 0]",4179.0427
4,0.0012,"[0, 10, 11, 14, 8, 3, 9, 15, 5, 1, 4, 12, 13, 6, 2, 7, 0]",5004.184
4,0.001,"[0, 4, 3, 14, 7, 1, 15, 6, 8, 11, 9, 12, 5, 2, 10, 13, 0]",4358.2522
4,0.0009,"[0, 8, 5, 11, 3, 1, 15, 9, 10, 2, 14, 13, 7, 4, 12, 6, 0]",4287.4676
4,0.0011,"[0, 14, 8, 11, 10, 1, 13, 9, 12, 4, 15, 7, 5, 2, 3, 6, 0]",4877.6021
4,0.0012,"[0, 10, 4, 1, 3, 13, 9, 2, 6, 5, 15, 12, 8, 11, 14, 7, 0]",3796.0093
4,0.0009,"[0, 1, 12, 10, 4, 14, 15, 13, 6, 9, 5, 7, 2, 11, 8, 3, 0]",3483.0536
4,0.0011,"[0, 7, 4, 8, 11, 3, 15, 14, 5, 1, 12, 13, 2, 10, 9, 6, 0]",3740.2242
4,0.0011,"[0, 12, 13, 15, 5, 2, 14, 7, 11, 8, 10, 1, 3, 4, 6, 9, 0]",3955.7873
4,0.0009,"[0, 1, 13, 10, 15, 11, 4, 9, 2, 12, 5, 7, 6, 3, 8, 14, 0]",4616.2364
4,0.001,"[0, 1, 14, 12, 15, 6, 2, 10, 4, 8, 11, 7, 13, 9, 3, 5, 0]",4034.6971
4,0.0012,"[0, 3, 15, 8, 7, 13, 6, 5, 4, 14, 11, 10, 2, 12, 1, 9, 0]",3898.4003
4,0.0011,"[0, 7, 13, 4, 10, 9, 1, 6, 5, 3, 2, 11, 15, 12, 8, 14, 0]",4974.2509
4,0.001,"[0, 10, 13, 15, 11, 5, 9, 8, 14, 12, 3, 7, 4, 2, 1, 6, 0]",4449.2452
4,0.001,"[0, 3, 14, 8, 12, 10, 15, 11, 1, 4, 13, 6, 9, 5, 2, 7, 0]",4087.2649
4,0.0009,"[0, 7, 4, 1, 2, 11, 3, 9, 13, 15, 12, 10, 8, 5, 14, 6, 0]",3596.5397
4,0.0011,"[0, 3, 9, 12, 8, 2, 15, 4, 10, 11, 14, 7, 6, 13, 1, 5, 0]",4965.8161
4,0.0012,"[0, 3, 5, 7, 14, 4, 15, 6, 1, 12, 8, 13, 10, 2, 11, 9, 0]",4303.2235
4,0.001,"[0, 11, 6, 12, 14, 10, 5, 3, 1, 4, 2, 8, 13, 15, 9, 7, 0]",4648.4662
4,0.001,"[0, 15, 5, 4, 1, 7, 2, 6, 12, 10, 8, 3, 13, 9, 11, 14, 0]",2993.7284
4,0.001,"[0, 11, 13, 5, 1, 15, 7, 2, 8, 4, 14, 3, 6, 12, 10, 9, 0]",4475.4611
4,0.0009,"[0, 12, 4, 9, 6, 15, 7, 11, 14, 1, 2, 8, 13, 3, 10, 5, 0]",4432.7139
4,0.0009,"[0, 11, 15, 5, 7, 1, 9, 8, 13, 10, 6, 4, 14, 3, 12, 2, 0]",3676.6995
4,0.0011,"[0, 12, 13, 8, 11, 2, 5, 14, 15, 6, 10, 3, 1, 4, 9, 7, 0]",4471.0228
4,0.0014,"[0, 6, 13, 9, 7, 12, 1, 15, 10, 3, 5, 2, 14, 4, 8, 11, 0]",4103.8102
4,0.0009,"[0, 1, 10, 8, 3, 14, 11, 2, 9, 12, 7, 5, 15, 6, 13, 4, 0]",3940.0101
4,0.001,"[0, 9, 5, 1, 8, 15, 4, 3, 12, 7, 13, 2, 6, 11, 14, 10, 0]",3492.8819
4,0.0009,"[0, 4, 14, 13, 7, 12, 10, 11, 3, 5, 15, 8, 6, 2, 9, 1, 0]",4241.4742
4,0.001,"[0, 12, 8, 7, 10, 9, 15, 2, 6, 14, 13, 4, 3, 11, 5, 1, 0]",4090.1567
4,0.001,"[0, 15, 3, 1, 13, 10, 14, 7, 11, 9, 2, 6, 8, 5, 12, 4, 0]",4177.9391
4,0.0012,"[0, 4, 1, 8, 11, 2, 7, 12, 6, 14, 5, 15, 3, 10, 13, 9, 0]",4618.1937
4,0.001,"[0, 13, 2, 8, 10, 3, 15, 7, 14, 4, 12, 5, 6, 9, 11, 1, 0]",5060.9708
4,0.0014,"[0, 1, 8, 3, 4, 13, 7, 6, 9, 14, 5, 11, 15, 2, 10, 12, 0]",3959.9056
4,0.0009,"[0, 12, 14, 7, 5, 9, 4, 8, 15, 13, 2, 11, 1, 3, 10, 6, 0]",4950.3366
4,0.001,"[0, 13, 8, 15, 11, 10, 6, 14, 9, 3, 1, 12, 5, 4, 2, 7, 0]",4247.4496
4,0.001,"[0, 9, 4, 13, 6, 2, 11, 1, 14, 3, 12, 5, 7, 15, 8, 10, 0]",4663.4756
4,0.0013,"[0, 14, 11, 3, 9, 13, 6, 2, 8, 15, 4, 10, 12, 7, 1, 5, 0]",3489.3201
4,0.0011,"[0, 11, 3, 5, 14, 9, 12, 2, 8, 15, 1, 13, 4, 6, 7, 10, 0]",4278.794
4,0.0012,"[0, 15, 7, 1, 8, 10, 9, 3, 14, 5, 6, 4, 12, 2, 11, 13, 0]",4666.7964
4,0.0009,"[0, 11, 15, 5, 1, 12, 3, 2, 10, 7, 13, 8, 4, 14, 6, 9, 0]",4031.6579
4,0.0016,"[0, 4, 11, 5, 10, 2, 7, 13, 8, 12, 1, 15, 14, 3, 6, 9, 0]",4986.6281
4,0.001,"[0, 8, 5, 3, 11, 1, 6, 13, 14, 10, 9, 2, 12, 15, 7, 4, 0]",3750.2744
4,0.0018,"[0, 11, 1, 8, 12, 3, 14, 13, 5, 7, 15, 10, 4, 6, 9, 2, 0]",4869.2269
4,0.0011,"[0, 11, 12, 10, 13, 6, 5, 14, 7, 15, 9, 1, 4, 8, 2, 3, 0]",3858.3183
4,0.0012,"[0, 10, 2, 9, 14, 12, 7, 13, 3, 8, 4, 11, 5, 6, 1, 15, 0]",4196.31
4,0.0009,"[0, 8, 9, 13, 5, 12, 1, 15, 10, 7, 14, 2, 3, 4, 11, 6, 0]",3297.5167
4,0.0009,"[0, 6, 10, 11, 15, 3, 12, 2, 4, 5, 14, 1, 13, 9, 8, 7, 0]",3842.3878
4,0.0009,"[0, 9, 14, 8, 12, 6, 15, 3, 10, 4, 5, 7, 11, 1, 13, 2, 0]",4803.4882
4,0.0016,"[0, 4, 12, 15, 3, 7, 10, 8, 6, 5, 13, 14, 1, 11, 2, 9, 0]",4380.75
4,0.0009,"[0, 6, 2, 13, 7, 11, 12, 1, 4, 15, 10, 9, 3, 14, 5, 8, 0]",5298.502
